{
"type": "FeatureCollection",
"name": "boundary",
"crs": { "type": "name", "properties": { "name": "urn:ogc:def:crs:OGC:1.3:CRS84" } },
"features": [
{ "type": "Feature", "properties": { "Region_nam": "Qashqadaryo viloyati" }, "geometry": { "type": "Polygon", "coordinates": [ [ [ 65.599776265247272, 38.281921675203037 ], [ 65.576107274478233, 38.285867599917658 ], [ 65.566467632827397, 38.287394155490219 ], [ 65.561894219884422, 38.288391793329573 ], [ 65.559945966272622, 38.289296509749406 ], [ 65.554210930157666, 38.288624079722922 ], [ 65.539776050079155, 38.28938003002434 ], [ 65.537968389995882, 38.290851360110238 ], [ 65.538259649862141, 38.293641290143398 ], [ 65.537747349638749, 38.294863979984846 ], [ 65.538538999864343, 38.300942448453959 ], [ 65.536676533565569, 38.301987111047694 ], [ 65.528191137223303, 38.306324583625688 ], [ 65.517635034319611, 38.312104587013565 ], [ 65.513270120354079, 38.314598899035261 ], [ 65.50408484657396, 38.319471469209319 ], [ 65.499744007458006, 38.32192303058418 ], [ 65.499023378937096, 38.322543783639418 ], [ 65.498546014195114, 38.323305481533062 ], [ 65.497226389042766, 38.324231235333116 ], [ 65.494972695657964, 38.32574049312678 ], [ 65.483243482824733, 38.333024531622605 ], [ 65.482442005928263, 38.333205698346731 ], [ 65.48198844654128, 38.333483190490504 ], [ 65.481091838056216, 38.333814516691376 ], [ 65.48065867042618, 38.334164796316657 ], [ 65.476099989853893, 38.336494877268549 ], [ 65.46119954440465, 38.344950057267347 ], [ 65.455238054684656, 38.348164659220416 ], [ 65.446885249678346, 38.352806727189375 ], [ 65.424227312761602, 38.364967839797586 ], [ 65.4138132335043, 38.370735701214798 ], [ 65.399589039800972, 38.378417745147637 ], [ 65.389196789605109, 38.384162071898281 ], [ 65.380151742840823, 38.388980535167796 ], [ 65.358886374277517, 38.400599899296282 ], [ 65.356301741542055, 38.401883628193005 ], [ 65.343241405120807, 38.409013593305318 ], [ 65.340292505537647, 38.41053389513614 ], [ 65.299680390194837, 38.432526967257161 ], [ 65.284081863938326, 38.441161604282946 ], [ 65.257402349157616, 38.455519512353739 ], [ 65.254997738805088, 38.456734874782853 ], [ 65.244322339631637, 38.462638978298408 ], [ 65.238782698769072, 38.46552149705721 ], [ 65.229172072701914, 38.470735917870272 ], [ 65.223212289780975, 38.473813626322844 ], [ 65.197372969285482, 38.487766281930057 ], [ 65.185440377871956, 38.493984375541565 ], [ 65.17945391498705, 38.497415431528665 ], [ 65.174050279058491, 38.500402084013871 ], [ 65.170987203602692, 38.502433235044151 ], [ 65.157623955267667, 38.517543869400946 ], [ 65.154882386852037, 38.520057736301617 ], [ 65.147244281485754, 38.525918071178872 ], [ 65.131185278814613, 38.537359335952118 ], [ 65.099610754219214, 38.560246381604514 ], [ 65.091567598491338, 38.56619390967893 ], [ 65.083229615687188, 38.572104354444178 ], [ 65.070362327220536, 38.581476404838916 ], [ 65.066425011330224, 38.584218150785631 ], [ 65.049748237238191, 38.596348158351162 ], [ 65.046252443310024, 38.598768353595503 ], [ 65.03650698011873, 38.605973553846709 ], [ 65.034334045277973, 38.607222178556398 ], [ 65.033015677767025, 38.607641751454459 ], [ 65.007043406609469, 38.611263440341851 ], [ 65.003124326519441, 38.611936037628183 ], [ 64.999917430786681, 38.61238752081065 ], [ 64.999005640773305, 38.612131736844056 ], [ 64.992862332039778, 38.612236535379708 ], [ 64.988794850264824, 38.61428902560521 ], [ 64.987855931129872, 38.614972965392539 ], [ 64.986634132511924, 38.616016690984544 ], [ 64.984699969873702, 38.617281214032658 ], [ 64.982733917042879, 38.618358315162254 ], [ 64.981373867702715, 38.619216418952405 ], [ 64.979029983463391, 38.621072333332663 ], [ 64.978086842246583, 38.621610155613183 ], [ 64.97290014945915, 38.623639287740659 ], [ 64.966723782723165, 38.625496842173426 ], [ 64.962867494871489, 38.626563714119897 ], [ 64.960784301727628, 38.627266695596042 ], [ 64.959312232471532, 38.627938511225061 ], [ 64.956286077773939, 38.630181149449491 ], [ 64.949606115489686, 38.63411298313143 ], [ 64.946509173547668, 38.636711467898792 ], [ 64.94376526951234, 38.638594224612568 ], [ 64.941470792613657, 38.640365017701953 ], [ 64.940560978893885, 38.641173391918336 ], [ 64.937601119864269, 38.642955207060623 ], [ 64.934461058788614, 38.644969562556504 ], [ 64.932188770277435, 38.64659370506935 ], [ 64.931254432550418, 38.647485918887234 ], [ 64.929430493197543, 38.64895650043016 ], [ 64.928499389405545, 38.649973913876899 ], [ 64.926083370448893, 38.652205690365975 ], [ 64.923698702695674, 38.653622788850988 ], [ 64.921711359792639, 38.654970619928292 ], [ 64.920671470019727, 38.655906292877319 ], [ 64.919128074530093, 38.656933638999227 ], [ 64.917996017609042, 38.657411495486194 ], [ 64.91654865202328, 38.657644880782492 ], [ 64.915763344801888, 38.657552494809309 ], [ 64.913899879576519, 38.657562105200867 ], [ 64.911367888116715, 38.658459443522297 ], [ 64.910659836009756, 38.658867703484148 ], [ 64.909248762361457, 38.659871928910484 ], [ 64.908342811397432, 38.66084695968356 ], [ 64.906834090877737, 38.662186798662397 ], [ 64.904640494785454, 38.663809148007296 ], [ 64.903199866564307, 38.664709354015692 ], [ 64.900564658678334, 38.666756344159573 ], [ 64.899896312106961, 38.667664859651808 ], [ 64.897259846579615, 38.669670033813681 ], [ 64.896284366012551, 38.670040776922953 ], [ 64.895182941642688, 38.670684908701666 ], [ 64.894692102171447, 38.671256514692885 ], [ 64.892701255838801, 38.671497499605692 ], [ 64.889025170033108, 38.671452613071075 ], [ 64.887940993316718, 38.671741499510226 ], [ 64.883442859194545, 38.673859894310596 ], [ 64.880483359491038, 38.674742581219391 ], [ 64.879111721883689, 38.675244794774805 ], [ 64.877025743962434, 38.676948409313489 ], [ 64.875074333670725, 38.677689467579832 ], [ 64.871707627648931, 38.678286193789631 ], [ 64.870603687996265, 38.67884665886379 ], [ 64.868861944491897, 38.679459013834908 ], [ 64.867602775958147, 38.679639942267066 ], [ 64.86590693636478, 38.679506209551406 ], [ 64.865245686484158, 38.67968377176031 ], [ 64.862674169151816, 38.681165262971327 ], [ 64.861771182628218, 38.681263158403915 ], [ 64.859866754225891, 38.681773600972313 ], [ 64.856862248926618, 38.681967496666225 ], [ 64.854955125578428, 38.682373518858682 ], [ 64.852655079124972, 38.683036262742284 ], [ 64.851487987907873, 38.683221810295166 ], [ 64.850103594223512, 38.683243688886456 ], [ 64.848430122680696, 38.683416333176815 ], [ 64.845778565456584, 38.683541713903146 ], [ 64.843660787174258, 38.683082684737556 ], [ 64.84247060925432, 38.682633610275424 ], [ 64.841028184402603, 38.682468397287671 ], [ 64.838954243906173, 38.682605420310459 ], [ 64.837574162135155, 38.682794124565909 ], [ 64.836482080244295, 38.68279040798749 ], [ 64.833284616821985, 38.682736202019434 ], [ 64.826937660013584, 38.682418047922695 ], [ 64.825422291960791, 38.682525198060809 ], [ 64.82290943461652, 38.683211572234107 ], [ 64.820109565538971, 38.684132010142861 ], [ 64.818416780217561, 38.684596782610619 ], [ 64.816243126724586, 38.68500629598271 ], [ 64.815073160898578, 38.685087146547751 ], [ 64.814225959754097, 38.685288185674843 ], [ 64.813329351269033, 38.685941646588212 ], [ 64.810817931229209, 38.687449513446587 ], [ 64.808536569733647, 38.688519600015148 ], [ 64.807981590551137, 38.688877483990126 ], [ 64.803874403240613, 38.692024387840533 ], [ 64.801547946317797, 38.693542503315207 ], [ 64.799886691862881, 38.694465682946046 ], [ 64.797834310933268, 38.695478453456481 ], [ 64.794005421697761, 38.69896102657578 ], [ 64.791573143234459, 38.700772811771849 ], [ 64.789755851414682, 38.702679472800043 ], [ 64.788973059476092, 38.703338663593613 ], [ 64.787656039438048, 38.703943307893518 ], [ 64.786925349785946, 38.70455993465815 ], [ 64.785553712178654, 38.707253022672006 ], [ 64.784680370059405, 38.708560728930436 ], [ 64.783696355497185, 38.709703050884492 ], [ 64.782415088407461, 38.710682870428634 ], [ 64.780266318247854, 38.712135190918552 ], [ 64.776748066437577, 38.715320182967609 ], [ 64.775910207772071, 38.715917436411651 ], [ 64.773970116252983, 38.717199471281972 ], [ 64.771685161496293, 38.718549329407324 ], [ 64.76902929235878, 38.719988313594222 ], [ 64.766553086278122, 38.721153090885252 ], [ 64.759711517074251, 38.724700852310001 ], [ 64.757504446252725, 38.725986654198394 ], [ 64.756118076274717, 38.727051258505419 ], [ 64.754256228016828, 38.728290064837019 ], [ 64.75215093631698, 38.729386310284092 ], [ 64.750128020128685, 38.730585692716232 ], [ 64.747888340462325, 38.731642169728111 ], [ 64.742780789251412, 38.735330046209178 ], [ 64.741304497913475, 38.735999236492958 ], [ 64.736528514873925, 38.73909733061835 ], [ 64.734934454402264, 38.740415314714816 ], [ 64.733592101873199, 38.741124185309381 ], [ 64.73242932256943, 38.741538069433673 ], [ 64.730372989052555, 38.7424871141205 ], [ 64.726585152825521, 38.744588980739984 ], [ 64.725912943498443, 38.7454548205314 ], [ 64.725080744219227, 38.746323031925407 ], [ 64.724136525024093, 38.746963253997016 ], [ 64.719371591262515, 38.750582453540048 ], [ 64.717365653233088, 38.751426152755009 ], [ 64.715086717188797, 38.752002367737006 ], [ 64.710704555569805, 38.753820234221145 ], [ 64.709115974821373, 38.754281891658664 ], [ 64.707258797803007, 38.754663895168463 ], [ 64.704809361517775, 38.754804072360272 ], [ 64.703485693946604, 38.755199102955558 ], [ 64.697965905851831, 38.757408824133812 ], [ 64.693964450250249, 38.758448092369264 ], [ 64.692936867396725, 38.758964008192841 ], [ 64.688669600302603, 38.762303395932719 ], [ 64.687850606258053, 38.762628339233778 ], [ 64.686880156256606, 38.763310372128288 ], [ 64.685729414377661, 38.764266411989148 ], [ 64.684888231945607, 38.764779624088284 ], [ 64.677461230671113, 38.766452178203821 ], [ 64.670344238001121, 38.768850518341274 ], [ 64.665790677825939, 38.770272520445801 ], [ 64.662171904535398, 38.771764531091115 ], [ 64.660723101645146, 38.772536683197039 ], [ 64.660009120657321, 38.77279735705936 ], [ 64.657296567825398, 38.774276288501326 ], [ 64.655574856751883, 38.774780884461045 ], [ 64.654048349589544, 38.775658403700021 ], [ 64.646115237483968, 38.779757809243101 ], [ 64.64300023940477, 38.781158655651836 ], [ 64.638786871227666, 38.783514206060616 ], [ 64.634199803892358, 38.785874860356948 ], [ 64.629637799553493, 38.788172347837182 ], [ 64.626945458815456, 38.789420736659146 ], [ 64.624943024215611, 38.790513312762279 ], [ 64.620863684678909, 38.792949842797874 ], [ 64.614830778893804, 38.796311023877976 ], [ 64.606863620638961, 38.80028301623787 ], [ 64.602619350416091, 38.802554206911651 ], [ 64.598539471890192, 38.805031767812437 ], [ 64.592210211892862, 38.808354018585028 ], [ 64.587703274280898, 38.810857907224772 ], [ 64.583176304238123, 38.81367507922117 ], [ 64.580247706580366, 38.815176050849388 ], [ 64.575822246164662, 38.817782727469286 ], [ 64.567059719557264, 38.822201163067753 ], [ 64.555246154918848, 38.828726410315092 ], [ 64.550790870435762, 38.831269890311027 ], [ 64.548513820853572, 38.832114314532127 ], [ 64.539474523307121, 38.83747376401714 ], [ 64.53684425615522, 38.839282944561255 ], [ 64.517500743310706, 38.853523037478666 ], [ 64.509636621818956, 38.859136405948938 ], [ 64.481220663594044, 38.880689863872071 ], [ 64.445917411917335, 38.907311407489196 ], [ 64.438361861725639, 38.912895225038547 ], [ 64.401378311309983, 38.941319453728603 ], [ 64.393738319481599, 38.947047520183681 ], [ 64.380401848128557, 38.956767307331368 ], [ 64.390803566567513, 38.965136338096073 ], [ 64.391924620024653, 38.965966725439749 ], [ 64.403189134361398, 38.975154729849692 ], [ 64.422800206819986, 38.990922773764609 ], [ 64.425152943956419, 38.992913338807433 ], [ 64.431874405711866, 38.998259723714838 ], [ 64.432963527653911, 38.999217446320564 ], [ 64.433983865594627, 38.999971768075703 ], [ 64.448235547745668, 39.00871422696239 ], [ 64.476676590526566, 39.034038964644239 ], [ 64.499062372946554, 39.0544196432135 ], [ 64.510852226553013, 39.066426495953813 ], [ 64.515795651069936, 39.071338373084288 ], [ 64.518106303033662, 39.073771908015942 ], [ 64.520636169079509, 39.076178068164545 ], [ 64.529155395975351, 39.076635131246981 ], [ 64.530510504581457, 39.076923003065744 ], [ 64.553527579863982, 39.082218154522813 ], [ 64.55775707819032, 39.083307942841643 ], [ 64.580777802429523, 39.088677602570286 ], [ 64.597050963464397, 39.092315670163224 ], [ 64.632760433312612, 39.100498840961343 ], [ 64.691380978138142, 39.114037119299944 ], [ 64.743513994186316, 39.125740513641183 ], [ 64.750677023717941, 39.127218383574863 ], [ 64.758311313040878, 39.129021207741722 ], [ 64.759521613223171, 39.129415064731532 ], [ 64.762246922132164, 39.129921110589173 ], [ 64.821470056850245, 39.14279744398732 ], [ 64.831816668138103, 39.145121697506553 ], [ 64.858707391215148, 39.150945144443284 ], [ 64.868719292024792, 39.153215352204676 ], [ 64.874067861226422, 39.154231416382324 ], [ 64.883179652816295, 39.156434093782103 ], [ 64.909402184730538, 39.162049384564234 ], [ 64.847120378996479, 39.251521253948319 ], [ 64.848239234276122, 39.266873459917889 ], [ 64.875413549200132, 39.292224876001434 ], [ 64.876111169171679, 39.29272446071429 ], [ 64.876154196677163, 39.292973352116441 ], [ 64.876910759606091, 39.293613508457348 ], [ 64.880570824856989, 39.296145904083602 ], [ 64.882712721108035, 39.297796497596742 ], [ 64.884474162869978, 39.29902340704146 ], [ 64.885670950593763, 39.299988348069483 ], [ 64.888617466048174, 39.301889424204347 ], [ 64.889251179870413, 39.302373797268757 ], [ 64.889974118858234, 39.303082930828701 ], [ 64.893377826486599, 39.305319456669224 ], [ 64.894229742887987, 39.306061281862632 ], [ 64.894909674133288, 39.306358436662265 ], [ 64.895334043663411, 39.307027634896549 ], [ 64.896571554713958, 39.307355471271769 ], [ 64.896915886148875, 39.308021007364715 ], [ 64.897510744241828, 39.308364295346927 ], [ 64.89783126672846, 39.308386405501608 ], [ 64.898093752657843, 39.308508871026795 ], [ 64.898624028170076, 39.309186281004202 ], [ 64.903045643796318, 39.312360466183087 ], [ 64.903422051375102, 39.312553169164516 ], [ 64.904084078298467, 39.313128974401586 ], [ 64.906186955326859, 39.314682929935472 ], [ 64.90760555685722, 39.31554461334175 ], [ 64.910728107971337, 39.317872200392195 ], [ 64.911616451955794, 39.318648066150907 ], [ 64.912769119822713, 39.319258043905904 ], [ 64.914848237310153, 39.320864426205524 ], [ 64.918002668735397, 39.323052139398136 ], [ 64.919151881681742, 39.323766450408634 ], [ 64.919932691038497, 39.324464496718718 ], [ 64.9227443657755, 39.326513542116089 ], [ 64.930023148621416, 39.331665256124744 ], [ 64.930701805157312, 39.332250569165815 ], [ 64.931196228008204, 39.332538172093081 ], [ 64.933167667137482, 39.334039131003934 ], [ 64.934638515583103, 39.335028844641947 ], [ 64.937446609635359, 39.337141757677522 ], [ 64.938602828542642, 39.337868639181345 ], [ 64.944747486545694, 39.342324922824623 ], [ 64.945724980237273, 39.342942431237255 ], [ 64.953590427642396, 39.34868932777141 ], [ 64.954909870436779, 39.349164302426331 ], [ 64.955634389561183, 39.349313700181042 ], [ 64.965488862413892, 39.349433486988801 ], [ 64.970280940568372, 39.349412091416575 ], [ 64.970733323162307, 39.349558520359061 ], [ 64.971159303371721, 39.349566235948195 ], [ 64.972028559054749, 39.349283055137228 ], [ 64.972821367208724, 39.349356582379983 ], [ 64.973927732312646, 39.350670176053804 ], [ 64.974725800102647, 39.351954151450961 ], [ 64.97802793162856, 39.356650730898266 ], [ 64.978568172152222, 39.357074057652909 ], [ 64.978679470721005, 39.357273504778583 ], [ 64.978735197709639, 39.357886523326336 ], [ 64.979624758012989, 39.359370877571536 ], [ 64.981003945061971, 39.361130123274322 ], [ 64.981479957839454, 39.361387310050858 ], [ 64.981353655608814, 39.361741865448259 ], [ 64.981516698036259, 39.362822976421484 ], [ 64.981355206101, 39.363167349743968 ], [ 64.98101229130927, 39.363298520349247 ], [ 64.986095494582727, 39.37278755900865 ], [ 64.991963477766504, 39.383307720102479 ], [ 64.99758243897034, 39.394342163702554 ], [ 64.998035721676203, 39.395175001142277 ], [ 64.998367057183899, 39.395529185733828 ], [ 64.998603558445367, 39.395661479849217 ], [ 65.000321849632627, 39.396039643037703 ], [ 65.010428018749849, 39.399937567185944 ], [ 65.011260475845575, 39.400144549821427 ], [ 65.013215494669723, 39.400906328066114 ], [ 65.014107398677666, 39.40143986935395 ], [ 65.041301288790066, 39.411916700910524 ], [ 65.061315932983305, 39.422646909859552 ], [ 65.073114405924954, 39.428823263969164 ], [ 65.079500169953647, 39.432310921538949 ], [ 65.084756122849498, 39.435027169971832 ], [ 65.090448656973436, 39.438439797394444 ], [ 65.099342966433028, 39.443306186304547 ], [ 65.100545451272353, 39.444449231253103 ], [ 65.107000026251811, 39.450152937311316 ], [ 65.117511123559751, 39.459139750218 ], [ 65.119093326269663, 39.460391146365843 ], [ 65.124654347036014, 39.464752928384449 ], [ 65.131408061005075, 39.468646897948169 ], [ 65.13155493555405, 39.468633999316985 ], [ 65.13193573140299, 39.46837547140909 ], [ 65.139408007767813, 39.463207555011373 ], [ 65.139554073832997, 39.463225378702788 ], [ 65.143601523177139, 39.464197005712499 ], [ 65.1972485499237, 39.47321085983112 ], [ 65.197456783898133, 39.473325616035396 ], [ 65.197493695673145, 39.473275208648289 ], [ 65.199224580342374, 39.473499731452769 ], [ 65.210497984407183, 39.475641903312628 ], [ 65.224538652297966, 39.478138674047344 ], [ 65.229084576793255, 39.479081523177456 ], [ 65.236364134885235, 39.480355343089983 ], [ 65.254936467414495, 39.48386815698742 ], [ 65.260812443807652, 39.484856922860949 ], [ 65.264772576906168, 39.48569312282541 ], [ 65.279887001056082, 39.485848422930495 ], [ 65.309206844119842, 39.484404257231191 ], [ 65.335633842474181, 39.481972611008786 ], [ 65.362930230360504, 39.478894312829453 ], [ 65.392365596769835, 39.475428126218794 ], [ 65.402858637940597, 39.474406938023868 ], [ 65.40579487127826, 39.474406799340386 ], [ 65.410501953535515, 39.473791111374602 ], [ 65.411215934523341, 39.473219381382521 ], [ 65.412144163706401, 39.473092345044719 ], [ 65.413169141445593, 39.472364516663781 ], [ 65.414095304503533, 39.472102258039257 ], [ 65.414835965455282, 39.472134641693366 ], [ 65.415607348789763, 39.472590022231536 ], [ 65.416236708477811, 39.472809286169493 ], [ 65.418641139167278, 39.472587317833302 ], [ 65.419239776472622, 39.472265563036594 ], [ 65.420170880264607, 39.471318388716313 ], [ 65.420616085319423, 39.470970346241529 ], [ 65.420912259868601, 39.470849477527103 ], [ 65.42159551847368, 39.470899544799742 ], [ 65.421868875814638, 39.471024158062939 ], [ 65.421966343022973, 39.471185454587449 ], [ 65.422000119677648, 39.471705955783079 ], [ 65.42224230547825, 39.472161339127112 ], [ 65.422269165105263, 39.472482192938401 ], [ 65.423399066069607, 39.472936392367387 ], [ 65.424040103856356, 39.472547792000974 ], [ 65.424469049404507, 39.471666637483438 ], [ 65.424628410535945, 39.47154341226269 ], [ 65.42483286709458, 39.471426219813168 ], [ 65.425623743870744, 39.471350703390506 ], [ 65.425719055122386, 39.47119058611306 ], [ 65.425650423834682, 39.470762865221069 ], [ 65.425700909153647, 39.470668000698112 ], [ 65.426223189659851, 39.470603232009488 ], [ 65.42686710205551, 39.470812169757622 ], [ 65.427136057651552, 39.470681453715855 ], [ 65.427753559577866, 39.47064775182124 ], [ 65.428462689663135, 39.470367456830644 ], [ 65.428847797425433, 39.470784709007411 ], [ 65.429817438943132, 39.472227215867818 ], [ 65.463212579124843, 39.471691046730271 ], [ 65.515476472523403, 39.469170538747186 ], [ 65.521882807972091, 39.469095852040667 ], [ 65.548776570948064, 39.468406539191257 ], [ 65.549129519023197, 39.468414375482361 ], [ 65.552584170111331, 39.469488077712278 ], [ 65.553379897790009, 39.469810885548291 ], [ 65.565905197628013, 39.473946923451592 ], [ 65.594657485095311, 39.481597234687939 ], [ 65.614917638855687, 39.48307751189342 ], [ 65.62894240656594, 39.481285020441909 ], [ 65.641863504118149, 39.480267870372849 ], [ 65.671908197784674, 39.48043247358099 ], [ 65.677395466866201, 39.481175401916488 ], [ 65.681830000266274, 39.482445260580029 ], [ 65.698060221830559, 39.490364869713716 ], [ 65.708795897959547, 39.495136887661396 ], [ 65.717413526311645, 39.500203171736374 ], [ 65.727450762307228, 39.506333556131921 ], [ 65.732475938006573, 39.509623272611464 ], [ 65.736456103535929, 39.515119693727996 ], [ 65.746668331348857, 39.527011997736011 ], [ 65.745371792899263, 39.532500599571286 ], [ 65.744318069071014, 39.53978464605148 ], [ 65.741358210041355, 39.545896852311401 ], [ 65.741296675444417, 39.546384791444794 ], [ 65.741098057935076, 39.546924540674425 ], [ 65.741087727309321, 39.547234035643676 ], [ 65.741273498910061, 39.547848103379415 ], [ 65.741236039162743, 39.548377173963793 ], [ 65.740765232122328, 39.549302102674417 ], [ 65.740701900894791, 39.549630219782181 ], [ 65.74069139060596, 39.549932706777696 ], [ 65.740870784168209, 39.550727672610435 ], [ 65.740841678752986, 39.551127888086462 ], [ 65.7404625897031, 39.552443291016758 ], [ 65.740618541728011, 39.552985143051956 ], [ 65.741619553313697, 39.554354837114211 ], [ 65.742278174723836, 39.556146108807717 ], [ 65.742958635975128, 39.557625278046437 ], [ 65.748658883034125, 39.558423270259816 ], [ 65.759462145710117, 39.55507596621996 ], [ 65.775892001676638, 39.550211484053001 ], [ 65.778685085778832, 39.550853805844007 ], [ 65.791358708250044, 39.554155819462366 ], [ 65.797715636358106, 39.544294054789106 ], [ 65.799252474146201, 39.542046695480828 ], [ 65.80112626999734, 39.538976530711103 ], [ 65.803330645873046, 39.535649337958489 ], [ 65.808822765857087, 39.524714050381014 ], [ 65.815338066949764, 39.511422657024475 ], [ 65.815900771643712, 39.51040567061262 ], [ 65.816535611055016, 39.509485075078508 ], [ 65.818027263584298, 39.507359265756165 ], [ 65.81909338416348, 39.506028314666594 ], [ 65.82605002755524, 39.500110981377823 ], [ 65.829919610473098, 39.497806459947682 ], [ 65.836054924200582, 39.49233286334205 ], [ 65.832749662944195, 39.490723560599911 ], [ 65.840474994724545, 39.482831517658248 ], [ 65.844605897558594, 39.478261260771873 ], [ 65.854514404973969, 39.472524007147172 ], [ 65.855682574169435, 39.471742569629484 ], [ 65.861143881939228, 39.468527966930182 ], [ 65.862886793253466, 39.467611116381022 ], [ 65.867644540492748, 39.464811599604978 ], [ 65.874085640742962, 39.461182698471276 ], [ 65.874926463848894, 39.460531314094823 ], [ 65.882444284798609, 39.456402177683941 ], [ 65.898417948416096, 39.447015940837652 ], [ 65.915159314072028, 39.437430067558722 ], [ 65.919776352798436, 39.434620690676688 ], [ 65.919551802723518, 39.434160873829967 ], [ 65.919599772759696, 39.433546217487624 ], [ 65.919933946045376, 39.432464883737424 ], [ 65.920185265017466, 39.431268897268751 ], [ 65.920191642157661, 39.430753922742731 ], [ 65.92004621030307, 39.428741586231034 ], [ 65.919855135048849, 39.427773001121963 ], [ 65.919909413953263, 39.426668473918689 ], [ 65.919595371913104, 39.425560196005385 ], [ 65.919646575884286, 39.424382203611458 ], [ 65.919410227336428, 39.423397454677009 ], [ 65.91930140632121, 39.421860065253853 ], [ 65.919352529444026, 39.421214181732999 ], [ 65.919093392434021, 39.42048527519686 ], [ 65.919004902988632, 39.419968347287238 ], [ 65.919086285861809, 39.419780254830343 ], [ 65.919340944770127, 39.419600812118645 ], [ 65.919477329691517, 39.419394023940292 ], [ 65.919340499205759, 39.419055726814925 ], [ 65.918890013853698, 39.418820458535421 ], [ 65.918798475526231, 39.418498316430849 ], [ 65.918825689987756, 39.417545837893016 ], [ 65.918706937198806, 39.416839351235133 ], [ 65.918791019509385, 39.414310750006671 ], [ 65.918978318246133, 39.413185532879325 ], [ 65.918999428655297, 39.41141997487513 ], [ 65.919125913243946, 39.41097550583288 ], [ 65.919352465663621, 39.409321542818617 ], [ 65.919481973083222, 39.407747890242412 ], [ 65.919858038403873, 39.406336744889515 ], [ 65.919971679778897, 39.405585451380382 ], [ 65.919915401224657, 39.405305692689019 ], [ 65.920207474066245, 39.404554254108568 ], [ 65.920474909712837, 39.403109467113531 ], [ 65.920530696888619, 39.401582654638958 ], [ 65.920694549596419, 39.40060966812905 ], [ 65.92058800940373, 39.399865463464899 ], [ 65.920668457130702, 39.399531541298053 ], [ 65.920610557117371, 39.398974087275064 ], [ 65.920979296676876, 39.397934891108186 ], [ 65.921493146494143, 39.397358180835027 ], [ 65.921740187688826, 39.396946844661592 ], [ 65.921678113204393, 39.396665314452441 ], [ 65.921335834419907, 39.396302923994817 ], [ 65.921283296450483, 39.396099232950597 ], [ 65.921213420996125, 39.395329750683175 ], [ 65.921512558189079, 39.394809710864095 ], [ 65.921538426974337, 39.394525921392407 ], [ 65.92128025116169, 39.393917371751762 ], [ 65.92124916945285, 39.393473972726305 ], [ 65.921424430764773, 39.392849654901369 ], [ 65.921652242622528, 39.392429030373521 ], [ 65.922022141907078, 39.392097580888361 ], [ 65.922208806433204, 39.391260475287382 ], [ 65.922406738527968, 39.390854202423341 ], [ 65.922336025843748, 39.390553667464886 ], [ 65.922351141795033, 39.39000431589313 ], [ 65.921916078719775, 39.389129249076298 ], [ 65.921765071920518, 39.388568415527097 ], [ 65.921809718190133, 39.387384188285367 ], [ 65.922199675956676, 39.386940328392335 ], [ 65.936277355335463, 39.38296805574717 ], [ 65.958176126005611, 39.375927355185027 ], [ 65.955057349612318, 39.370400283412074 ], [ 65.96084914667685, 39.361652276116239 ], [ 65.966469020569036, 39.353353903843072 ], [ 65.969393399738209, 39.350390099253055 ], [ 65.969264663073162, 39.349554844912433 ], [ 65.969277951851154, 39.349128874553038 ], [ 65.969814249669028, 39.348267413194023 ], [ 65.970765300551918, 39.34758293888671 ], [ 65.972118069046687, 39.346188087270619 ], [ 65.975562928498235, 39.343111846878415 ], [ 65.975805563456447, 39.342659163144027 ], [ 65.976079722992992, 39.341792200998896 ], [ 65.976472921881054, 39.341198411381953 ], [ 65.977044704050968, 39.340648662409656 ], [ 65.978499700825054, 39.339718454471942 ], [ 65.979218354849024, 39.339204958413987 ], [ 65.979429277481074, 39.338956300209595 ], [ 65.980240096856534, 39.337820210478647 ], [ 65.980818791562541, 39.336432935951727 ], [ 65.9813795199629, 39.334571845213112 ], [ 65.982709122703113, 39.332591965753338 ], [ 65.9831801031184, 39.332303673774391 ], [ 65.98474245306052, 39.33195778575552 ], [ 65.986752882666408, 39.331714523590776 ], [ 65.988066757702626, 39.331462220712645 ], [ 65.995574967577141, 39.325241257357483 ], [ 65.994768192417126, 39.323946233393237 ], [ 65.994289029247909, 39.322895507632587 ], [ 65.993748068275423, 39.322225942734455 ], [ 65.993715091121331, 39.322134419471986 ], [ 65.993846968296623, 39.321995017932281 ], [ 65.995557809755226, 39.322043037856275 ], [ 65.99626873647108, 39.322245402209802 ], [ 65.998036710781747, 39.322957216951465 ], [ 65.999089805789325, 39.322966389953685 ], [ 66.000121872134415, 39.323997504175772 ], [ 66.000406825827369, 39.323994245028452 ], [ 66.005269765786409, 39.322125109458923 ], [ 66.004723410430614, 39.321022590005498 ], [ 66.004139959145164, 39.320910632404853 ], [ 66.003850427637502, 39.320183787959046 ], [ 66.00407338679608, 39.320279059560121 ], [ 66.004553548891849, 39.320303531562601 ], [ 66.005923113187521, 39.320160569608568 ], [ 66.007716590669105, 39.321570334127223 ], [ 66.008245069550739, 39.32187291374963 ], [ 66.008441885937899, 39.321907386003147 ], [ 66.008951413960332, 39.321611214551815 ], [ 66.009801137574101, 39.321307029873871 ], [ 66.010797459055709, 39.321077212557121 ], [ 66.011135225602558, 39.321088679117878 ], [ 66.011104503219826, 39.321250322677521 ], [ 66.011958890886547, 39.320987217363474 ], [ 66.013394039384465, 39.320349187036783 ], [ 66.014616172175664, 39.319953139956347 ], [ 66.016632825309827, 39.319086102647518 ], [ 66.01700326717679, 39.318860987813053 ], [ 66.017386298932465, 39.318749333232866 ], [ 66.017843305155168, 39.318457714357656 ], [ 66.019367997720607, 39.317860007750184 ], [ 66.019266595891352, 39.318149842343452 ], [ 66.01933639049733, 39.318342001202261 ], [ 66.01975141665018, 39.31864160295504 ], [ 66.020109223712694, 39.318766733100937 ], [ 66.021131940392294, 39.31876350706829 ], [ 66.022092649062785, 39.31866204263622 ], [ 66.029061286760211, 39.317143376340361 ], [ 66.029207231552846, 39.316589918114822 ], [ 66.029637658422899, 39.316402734043798 ], [ 66.030146631286485, 39.31655507072724 ], [ 66.030558724439913, 39.316555211114832 ], [ 66.030931402213653, 39.316697966381049 ], [ 66.034010733582818, 39.315999559006556 ], [ 66.034688413650002, 39.316094707037529 ], [ 66.036264427865916, 39.31580607878206 ], [ 66.037249969564115, 39.315521408046457 ], [ 66.042066550166339, 39.315834372738074 ], [ 66.043730859791509, 39.315829978978208 ], [ 66.045311450923833, 39.315705373861739 ], [ 66.045570974209383, 39.314561191768675 ], [ 66.046634844508816, 39.314656270170062 ], [ 66.046629380056942, 39.315418269523725 ], [ 66.04814892258085, 39.315035241127589 ], [ 66.048742178079308, 39.315055583867029 ], [ 66.048736824120212, 39.314512340343725 ], [ 66.049786408511665, 39.314398281735308 ], [ 66.04987860171093, 39.31509248990416 ], [ 66.050376144410862, 39.315106074423419 ], [ 66.051387421045334, 39.315075141247405 ], [ 66.0526955980677, 39.31491216291036 ], [ 66.054122576388096, 39.314925652944055 ], [ 66.057434575009125, 39.314685111561339 ], [ 66.058680807802801, 39.314351299078432 ], [ 66.060389031570651, 39.314713642967881 ], [ 66.060687192294935, 39.314689911276993 ], [ 66.060687118633069, 39.314322018303095 ], [ 66.061791405035407, 39.314304115531982 ], [ 66.061838667199169, 39.314507255662441 ], [ 66.063009609493889, 39.314395779701123 ], [ 66.063295444434175, 39.314187355769164 ], [ 66.063370431302488, 39.314318393129582 ], [ 66.064282153043919, 39.31422459934474 ], [ 66.065714882378757, 39.31396027913258 ], [ 66.064341140917051, 39.312574339013459 ], [ 66.063853666534868, 39.311472717153173 ], [ 66.063780099004674, 39.310263060225232 ], [ 66.064100798459421, 39.309855613450566 ], [ 66.064909096263861, 39.30964932858496 ], [ 66.065030348165948, 39.309200713254633 ], [ 66.065139772849022, 39.309141175684609 ], [ 66.066219918824771, 39.309199556672922 ], [ 66.066964268259071, 39.309501350171509 ], [ 66.066938133572506, 39.309441368714793 ], [ 66.068136471788492, 39.309445181806808 ], [ 66.070875187154755, 39.309579929923736 ], [ 66.075175042432463, 39.309585522354901 ], [ 66.080670577811233, 39.309209704564587 ], [ 66.080555415588435, 39.310575689098144 ], [ 66.090462663565745, 39.319837701002136 ], [ 66.089551857207624, 39.320811679146424 ], [ 66.08925551197855, 39.321242053569122 ], [ 66.091082051954174, 39.322138313179408 ], [ 66.091530086702136, 39.322454950853768 ], [ 66.093556012246623, 39.323487650776954 ], [ 66.094236901096011, 39.323777214663096 ], [ 66.094568717202407, 39.32381570120242 ], [ 66.097721865833407, 39.325547151749333 ], [ 66.098814390593745, 39.326041154201555 ], [ 66.100463967848299, 39.327060832561436 ], [ 66.104026500313864, 39.328867995289848 ], [ 66.105236895717553, 39.329808845491961 ], [ 66.10652642461298, 39.331012380578507 ], [ 66.108455561177195, 39.33212461475064 ], [ 66.108980534832611, 39.332566389103434 ], [ 66.109257844760833, 39.332967443237642 ], [ 66.110361781718524, 39.334009257454994 ], [ 66.112172428700148, 39.33636449904904 ], [ 66.112405306157768, 39.336441759791128 ], [ 66.11298890027534, 39.337037198240004 ], [ 66.113342874226547, 39.337282101025671 ], [ 66.113405716770572, 39.337407930121415 ], [ 66.113362337125466, 39.337703765796171 ], [ 66.114286715230932, 39.338675874238866 ], [ 66.11563422947961, 39.339235372352469 ], [ 66.116210805059907, 39.339574986124276 ], [ 66.117017581118233, 39.339248909107553 ], [ 66.11836586342649, 39.338936499390833 ], [ 66.118690243278962, 39.338930735614632 ], [ 66.11911419419414, 39.33914593062979 ], [ 66.119872158494914, 39.339816137363997 ], [ 66.122165050765432, 39.341159275097787 ], [ 66.119602663909674, 39.342341328918671 ], [ 66.113769185914308, 39.345347928822342 ], [ 66.11251143312542, 39.345420543894598 ], [ 66.112025279266703, 39.345590168191137 ], [ 66.107449821758138, 39.351108448206254 ], [ 66.110624988096788, 39.354462640830455 ], [ 66.113154139083647, 39.357934622092628 ], [ 66.114396028522904, 39.359791017183788 ], [ 66.114636327861405, 39.359796990385377 ], [ 66.114835162763043, 39.360375902325686 ], [ 66.115796060079731, 39.361810413631481 ], [ 66.115987585389888, 39.361918906676685 ], [ 66.117534412443945, 39.36459539477697 ], [ 66.117849421969638, 39.364791311075727 ], [ 66.117819332899231, 39.364924023215387 ], [ 66.117962897156346, 39.365332108270096 ], [ 66.119100987162838, 39.367227402771668 ], [ 66.119241298620324, 39.367714942319324 ], [ 66.119193660960804, 39.367804093992412 ], [ 66.120582901954464, 39.370724949782961 ], [ 66.120623778893147, 39.371032234037763 ], [ 66.12134021228168, 39.373021033323845 ], [ 66.121324377678178, 39.373499202167508 ], [ 66.122267426368481, 39.375918605771197 ], [ 66.122327453592405, 39.376625470159482 ], [ 66.122643197041739, 39.377615233402722 ], [ 66.122978353084349, 39.378349650728637 ], [ 66.122757902920341, 39.378510123103901 ], [ 66.123074679432236, 39.379257889205398 ], [ 66.123235281137056, 39.379469318091793 ], [ 66.12360316909367, 39.379687001137292 ], [ 66.123118130942544, 39.379731649196508 ], [ 66.122674461108559, 39.379946622733847 ], [ 66.124854437842828, 39.380862454661482 ], [ 66.127979876142248, 39.381910156632991 ], [ 66.130904593078, 39.383025939752621 ], [ 66.132417490763743, 39.383273489897917 ], [ 66.133600840589224, 39.384026904622274 ], [ 66.134480687409422, 39.384459592803395 ], [ 66.135947869830332, 39.384980258268065 ], [ 66.137445981246515, 39.385700730143995 ], [ 66.140463161774449, 39.38676564800776 ], [ 66.143283602271978, 39.387873309586524 ], [ 66.143500714296366, 39.388017092545766 ], [ 66.143596481892203, 39.388266062136921 ], [ 66.143463814199464, 39.388647811054014 ], [ 66.14360008593313, 39.388997263326324 ], [ 66.143587143904796, 39.389451186675146 ], [ 66.142927901758824, 39.391540552041832 ], [ 66.143123028414934, 39.391965146721169 ], [ 66.143109967809039, 39.392626668713618 ], [ 66.143324843028353, 39.393087709272933 ], [ 66.14369098825334, 39.39355734889719 ], [ 66.144819539948145, 39.394844567140971 ], [ 66.145155593407722, 39.395122358063148 ], [ 66.145665946083582, 39.394796801333207 ], [ 66.14630033004903, 39.394590902462042 ], [ 66.14672869798045, 39.394248080888673 ], [ 66.149831777212469, 39.394094610473353 ], [ 66.158470071307661, 39.394020602026984 ], [ 66.161764990260195, 39.393719585727645 ], [ 66.162872898669789, 39.393550897487273 ], [ 66.164910053155339, 39.393473216717084 ], [ 66.165797465586849, 39.393311561768442 ], [ 66.166682379803575, 39.392913732257789 ], [ 66.168888078897666, 39.391243223982706 ], [ 66.173171360258394, 39.388486147008386 ], [ 66.177395374369937, 39.385901456341792 ], [ 66.179012918599753, 39.385416184324619 ], [ 66.180671030747831, 39.384661912543123 ], [ 66.181458113938518, 39.384212370416066 ], [ 66.182322683110684, 39.38324481219454 ], [ 66.182656194337994, 39.382707251834738 ], [ 66.183032945073208, 39.382691357220502 ], [ 66.184170126882961, 39.381963958809457 ], [ 66.185074158147245, 39.382578904040635 ], [ 66.185603775194338, 39.383050307858255 ], [ 66.186440552288261, 39.383480683750228 ], [ 66.187047187294567, 39.383978156586828 ], [ 66.18764924268956, 39.384700522472478 ], [ 66.188989383566394, 39.385535887698133 ], [ 66.190328135647789, 39.386684425742956 ], [ 66.190946863774442, 39.387382938574319 ], [ 66.193127197139873, 39.38940144268868 ], [ 66.193583508964878, 39.389924665728159 ], [ 66.195859562315391, 39.391784529971488 ], [ 66.196846666183902, 39.392419204188748 ], [ 66.198130324588931, 39.393725562274916 ], [ 66.198455003580349, 39.394138294073514 ], [ 66.198577513123894, 39.394421581122671 ], [ 66.199509518824414, 39.395375067667153 ], [ 66.199672379792162, 39.39576487206935 ], [ 66.199856264930816, 39.395963135457329 ], [ 66.200608064992096, 39.396181946497599 ], [ 66.202061729564619, 39.396099802192261 ], [ 66.202193860064838, 39.396348206331034 ], [ 66.201933978351448, 39.397103347259979 ], [ 66.202105738928736, 39.397268423393683 ], [ 66.202540510949831, 39.397413022096536 ], [ 66.20290500417299, 39.397919315813802 ], [ 66.205284697056157, 39.399767654209555 ], [ 66.207351807661524, 39.401206011831377 ], [ 66.206899865242065, 39.401632146990885 ], [ 66.207865597291615, 39.402304267700636 ], [ 66.208874802411032, 39.403146167703696 ], [ 66.210815288290561, 39.404408424967947 ], [ 66.211222561084199, 39.404543661942533 ], [ 66.211712858871323, 39.404555395924568 ], [ 66.212491841953081, 39.404738497152209 ], [ 66.213259040036661, 39.405077019926161 ], [ 66.216314326200617, 39.407058128300349 ], [ 66.218415874620703, 39.408202979799341 ], [ 66.221111129493536, 39.410127728674219 ], [ 66.223766990546181, 39.411783239016437 ], [ 66.22636176885446, 39.413718481225978 ], [ 66.226721815416965, 39.413921758537988 ], [ 66.227114681928384, 39.414000352767538 ], [ 66.228487998486969, 39.415189021649439 ], [ 66.230511453664434, 39.41664322986157 ], [ 66.234054319313486, 39.418959599591531 ], [ 66.234335880069622, 39.418974556718041 ], [ 66.234565375370209, 39.418954054773693 ], [ 66.235162626575061, 39.418661101087679 ], [ 66.236855697560713, 39.417455388157975 ], [ 66.239539984003912, 39.416570843607062 ], [ 66.24070715696773, 39.416392624475037 ], [ 66.241355556448227, 39.416585806104067 ], [ 66.242817384910069, 39.416475976720783 ], [ 66.243255762768726, 39.417051850885052 ], [ 66.24401762396117, 39.417421398864128 ], [ 66.244080320978128, 39.417776641928143 ], [ 66.244700878973035, 39.418698522163993 ], [ 66.245201334011057, 39.41900859383248 ], [ 66.245911260003723, 39.418570558419354 ], [ 66.246324909039203, 39.418084830770191 ], [ 66.246935890993186, 39.417571160661005 ], [ 66.24716438107896, 39.417141879199114 ], [ 66.248036473641591, 39.416241027300934 ], [ 66.248744297576479, 39.415119966510908 ], [ 66.249047291236977, 39.414789688763307 ], [ 66.248976414161049, 39.414606330769864 ], [ 66.248996492405979, 39.413529530748427 ], [ 66.249945344213018, 39.414473007275028 ], [ 66.250742651129968, 39.414085671251073 ], [ 66.25132335267233, 39.413926333516429 ], [ 66.261408468872574, 39.406767846156697 ], [ 66.26161454239876, 39.406971283938901 ], [ 66.265858992284691, 39.404319674736577 ], [ 66.268073339460045, 39.403093300883747 ], [ 66.27157173850253, 39.400899823192155 ], [ 66.271815271776049, 39.399322350786825 ], [ 66.271227414254113, 39.39866913834733 ], [ 66.27105619536097, 39.398197863640029 ], [ 66.270851109981578, 39.396787699623658 ], [ 66.271205315698111, 39.395617354301976 ], [ 66.271691124603777, 39.392412636042337 ], [ 66.271457203303797, 39.391916812443206 ], [ 66.271423067322999, 39.391362252274867 ], [ 66.271748077792779, 39.390461325589413 ], [ 66.271982538081957, 39.388165183886557 ], [ 66.27225391912927, 39.386638315093727 ], [ 66.273649362091604, 39.386413919774547 ], [ 66.274860111431551, 39.386483765672111 ], [ 66.275181259145626, 39.386383995715498 ], [ 66.275565378761129, 39.386110929405405 ], [ 66.276083347353961, 39.385995398359107 ], [ 66.276734266608813, 39.38624645596591 ], [ 66.277238490977808, 39.386900687294748 ], [ 66.277399199582121, 39.386995318783278 ], [ 66.278503768055472, 39.387408418789633 ], [ 66.278764189656357, 39.38773681419287 ], [ 66.278940618778165, 39.388218990266722 ], [ 66.279126300547375, 39.388463444279282 ], [ 66.279733382016403, 39.388836753966103 ], [ 66.280491290621583, 39.3888757024719 ], [ 66.280736890020265, 39.389070028114517 ], [ 66.282416829433117, 39.388938464367754 ], [ 66.283119671311383, 39.38905405996848 ], [ 66.283693515114905, 39.38917625090582 ], [ 66.283545562587591, 39.389325031968468 ], [ 66.28361958376702, 39.389482074444587 ], [ 66.284328893515337, 39.388948739540048 ], [ 66.284263675825727, 39.389288930199896 ], [ 66.285134502662174, 39.389340375214481 ], [ 66.285193791470903, 39.389257896549225 ], [ 66.289020509478348, 39.390210841327772 ], [ 66.289042547847217, 39.39015854371393 ], [ 66.289858193870714, 39.390395029922217 ], [ 66.290543345226084, 39.390485560579251 ], [ 66.291462407101704, 39.390429316339606 ], [ 66.291757735437869, 39.390557353944928 ], [ 66.294060399582108, 39.390235045857359 ], [ 66.2955109128646, 39.390319949093538 ], [ 66.298716577905452, 39.389459987850998 ], [ 66.298981987851079, 39.389228197263265 ], [ 66.300395306389277, 39.387422321818768 ], [ 66.300584415231313, 39.386855634190773 ], [ 66.300597375225934, 39.386274292339031 ], [ 66.300972287109758, 39.386483919805151 ], [ 66.300818509906165, 39.38613424179772 ], [ 66.300839400228099, 39.385736703240482 ], [ 66.301576590987892, 39.384546761664055 ], [ 66.303648763599853, 39.380104079320162 ], [ 66.304342318694751, 39.377147952249089 ], [ 66.304546519233554, 39.375318309340443 ], [ 66.304827096334449, 39.373966339694739 ], [ 66.304809870240561, 39.373653887281584 ], [ 66.304999750735448, 39.373390604893558 ], [ 66.305375548358143, 39.372460493936941 ], [ 66.306056064406661, 39.3714336077228 ], [ 66.306683566378709, 39.370819724731135 ], [ 66.307548917085171, 39.370203780061722 ], [ 66.308197154868907, 39.370015449219572 ], [ 66.308710162066433, 39.370010008845732 ], [ 66.309484933846178, 39.3703005057437 ], [ 66.310740362693394, 39.370411743966542 ], [ 66.311284881892732, 39.370311853118629 ], [ 66.311842413188984, 39.370017571479174 ], [ 66.312136326678583, 39.369911878567905 ], [ 66.312240978612536, 39.369944583351661 ], [ 66.31297454916178, 39.370437436629793 ], [ 66.313302487241074, 39.370752186091906 ], [ 66.313821744018043, 39.371456400713285 ], [ 66.313870315925428, 39.371788489199602 ], [ 66.313799955380802, 39.372896578043964 ], [ 66.314430066060453, 39.374271773653 ], [ 66.31465403851864, 39.374536529731863 ], [ 66.315905892071029, 39.374816358343075 ], [ 66.316591222191207, 39.375697450083976 ], [ 66.317939093969358, 39.376600301955378 ], [ 66.318322237116121, 39.376639432276612 ], [ 66.318674139552286, 39.376548040666272 ], [ 66.319501629862742, 39.376993267238333 ], [ 66.321039008436614, 39.377147839758607 ], [ 66.320892088073606, 39.378758021173908 ], [ 66.320974946878778, 39.378850781269421 ], [ 66.321116230313407, 39.378873507262256 ], [ 66.322040256279266, 39.378169741026113 ], [ 66.32273546696922, 39.378042884742371 ], [ 66.322886462090381, 39.379589189979207 ], [ 66.324569295875079, 39.379506467177983 ], [ 66.324894453668563, 39.379364381763168 ], [ 66.325805534911197, 39.379234556462684 ], [ 66.325789074181927, 39.383292294988472 ], [ 66.325348239430966, 39.385419382286457 ], [ 66.326345791604538, 39.386086953257546 ], [ 66.327200815278474, 39.386472180006088 ], [ 66.327993424006479, 39.386594233134545 ], [ 66.328388922581681, 39.386603325578996 ], [ 66.329483920404002, 39.386252082534241 ], [ 66.329768582144496, 39.386243485076598 ], [ 66.33016309257286, 39.386644077711523 ], [ 66.330661489570588, 39.386951877183371 ], [ 66.331565186661592, 39.387085098466947 ], [ 66.332322691923238, 39.387470230143123 ], [ 66.333364366648581, 39.387708543089111 ], [ 66.335033503820142, 39.387806931618336 ], [ 66.33640108553395, 39.387671619149756 ], [ 66.336132499145464, 39.389929670638473 ], [ 66.336077237484119, 39.391622364313776 ], [ 66.338015960869086, 39.393826363064676 ], [ 66.338734110039809, 39.394765148119724 ], [ 66.338786573449028, 39.395717318622999 ], [ 66.341352955112882, 39.395592157541891 ], [ 66.342159328725984, 39.395075860068303 ], [ 66.342704334812211, 39.394408643057176 ], [ 66.34367259382266, 39.393901655328101 ], [ 66.343994499714853, 39.393500165767207 ], [ 66.344256672132218, 39.393350402948549 ], [ 66.345246921002499, 39.393042052020185 ], [ 66.345470659000426, 39.393023357856393 ], [ 66.346344893146735, 39.393421878883103 ], [ 66.346946061006221, 39.393595671356572 ], [ 66.347334485348554, 39.393572087933315 ], [ 66.349148206365072, 39.393162426125642 ], [ 66.350080190506048, 39.393161021011359 ], [ 66.352119088621549, 39.393852044333499 ], [ 66.353940632167578, 39.393309449936147 ], [ 66.354516242058921, 39.393201413870472 ], [ 66.355327161147343, 39.393210590843793 ], [ 66.355472225591029, 39.393269321639423 ], [ 66.355672852631614, 39.393653863112128 ], [ 66.355784773732893, 39.393716983093555 ], [ 66.355850750498917, 39.393732469771678 ], [ 66.355775336930819, 39.393597792205099 ], [ 66.356235446832827, 39.393521295137042 ], [ 66.357183459613395, 39.393676884188487 ], [ 66.358084433012465, 39.394196024416985 ], [ 66.358826355198872, 39.394826610016814 ], [ 66.359070602633054, 39.394929502255408 ], [ 66.360850358348671, 39.394706807341421 ], [ 66.361333198322299, 39.397486884636535 ], [ 66.362072871127253, 39.3975286050457 ], [ 66.362371111801565, 39.397457451254631 ], [ 66.36356155921608, 39.396792281279815 ], [ 66.363865998265879, 39.396703980217652 ], [ 66.3644085806975, 39.396807136950621 ], [ 66.365568305729283, 39.396366185971978 ], [ 66.367452072880084, 39.3963915240681 ], [ 66.369036880704328, 39.396284618065764 ], [ 66.369624468731686, 39.396600753912921 ], [ 66.369726786842548, 39.396473300107381 ], [ 66.369708910368374, 39.395984030830576 ], [ 66.369791824869097, 39.395782574180451 ], [ 66.369959360669583, 39.395699825449867 ], [ 66.37059222378727, 39.396071083248579 ], [ 66.372007519517368, 39.397139236729274 ], [ 66.373181527762199, 39.397728182365086 ], [ 66.373198416089537, 39.39787132233787 ], [ 66.37340754388768, 39.398000092527937 ], [ 66.374040317173836, 39.396787421947522 ], [ 66.374176052613251, 39.396708006526403 ], [ 66.374832361759815, 39.396753059516762 ], [ 66.375902255263213, 39.397517081607425 ], [ 66.376753498826432, 39.397566576844056 ], [ 66.377520570247555, 39.397185816651238 ], [ 66.377832465314214, 39.396600129139912 ], [ 66.377923554483999, 39.396550286121233 ], [ 66.378804801777733, 39.396689263363115 ], [ 66.379004497265399, 39.396559796560723 ], [ 66.382644111470526, 39.399854009828616 ], [ 66.382882883673034, 39.399893507511933 ], [ 66.382816228678976, 39.400029770876763 ], [ 66.382973883011346, 39.400064131693448 ], [ 66.385184277599436, 39.402032249370954 ], [ 66.385831244267052, 39.401827894798743 ], [ 66.386309956481952, 39.401778194343557 ], [ 66.39653296407829, 39.401090228119493 ], [ 66.397028564620555, 39.400927103259207 ], [ 66.397264731708745, 39.401637908370375 ], [ 66.39918326366103, 39.401600632930766 ], [ 66.399999023770533, 39.401669630656194 ], [ 66.400893206804369, 39.401610906238247 ], [ 66.402344075819727, 39.401885647238537 ], [ 66.402537393268872, 39.402267631222095 ], [ 66.402932921488471, 39.402395490921549 ], [ 66.403464454642105, 39.402349747440347 ], [ 66.403711850671343, 39.402446162724544 ], [ 66.404454218422146, 39.40310517046462 ], [ 66.404847680516568, 39.403321668488658 ], [ 66.405775640205064, 39.403406212901679 ], [ 66.406910212408917, 39.403304731828754 ], [ 66.409248616924998, 39.403277383279004 ], [ 66.408827846045909, 39.401331582798043 ], [ 66.408946244000362, 39.400729478715306 ], [ 66.409312127815582, 39.400335269180225 ], [ 66.41019571072907, 39.400005753002937 ], [ 66.410922537625424, 39.399502764069027 ], [ 66.411595375773246, 39.39940308214392 ], [ 66.41200931945616, 39.399066203385985 ], [ 66.412504291177711, 39.398348222067469 ], [ 66.412732373428355, 39.397834114303372 ], [ 66.412880146292594, 39.395833042527471 ], [ 66.413359846654302, 39.395577993037897 ], [ 66.413627634440516, 39.394963204697881 ], [ 66.413860118436048, 39.394686423219341 ], [ 66.414723309592546, 39.394053993899078 ], [ 66.414985617655503, 39.39305473000379 ], [ 66.416081113144486, 39.391123709514758 ], [ 66.41616528528661, 39.390355451881497 ], [ 66.416399925238835, 39.390040467972412 ], [ 66.416926427826851, 39.389974305202905 ], [ 66.417534677105735, 39.390113295544339 ], [ 66.419122179875814, 39.391207921589285 ], [ 66.419760163390592, 39.390745413459676 ], [ 66.419964979275377, 39.39068397226611 ], [ 66.420514299071613, 39.390675918953079 ], [ 66.421554458339116, 39.390897940121022 ], [ 66.422686155934059, 39.390749995512607 ], [ 66.422945948714201, 39.390660576000798 ], [ 66.423286410206913, 39.390347953934146 ], [ 66.423483320917171, 39.388135121723188 ], [ 66.423808690713074, 39.387419319042394 ], [ 66.424933022122673, 39.387289279610172 ], [ 66.425709346191226, 39.387009690538846 ], [ 66.426168654795987, 39.38743737041267 ], [ 66.426372752028527, 39.387498120182151 ], [ 66.426721028864208, 39.387274352484198 ], [ 66.427194351187396, 39.38713993877802 ], [ 66.427500227541643, 39.387311080151235 ], [ 66.428127251609965, 39.387242762509352 ], [ 66.428607940118468, 39.387740077310681 ], [ 66.429213494451503, 39.387844427572318 ], [ 66.429753561600336, 39.38577509734229 ], [ 66.429993681275761, 39.386080241489871 ], [ 66.430274314970518, 39.386181608761305 ], [ 66.430789678449017, 39.386115095184763 ], [ 66.431242698846802, 39.386228959723951 ], [ 66.431823280014925, 39.386055732805559 ], [ 66.432114962987697, 39.385703098403503 ], [ 66.43227513260284, 39.383768402865336 ], [ 66.432551454384239, 39.383073593499844 ], [ 66.432659701375997, 39.383011104060301 ], [ 66.433718725264413, 39.383017144708553 ], [ 66.434147580981076, 39.382420923260774 ], [ 66.435188728395346, 39.382305455539466 ], [ 66.435327518106746, 39.382170060192998 ], [ 66.435486609743563, 39.381640766018371 ], [ 66.435650372619875, 39.381878646856329 ], [ 66.435676872920737, 39.38237245878048 ], [ 66.435761314557467, 39.382504104339084 ], [ 66.436807223042763, 39.382952988831342 ], [ 66.437358968290255, 39.382784405790559 ], [ 66.438014828279208, 39.382429394126369 ], [ 66.438727910951727, 39.382315662254925 ], [ 66.439039177197699, 39.382354892133868 ], [ 66.439879012156808, 39.382767116979572 ], [ 66.440568109811267, 39.382739135481238 ], [ 66.441427528043562, 39.382180336361863 ], [ 66.441927260836138, 39.381406425521 ], [ 66.442528323592754, 39.381066613043679 ], [ 66.443235118058297, 39.380268456879271 ], [ 66.443657955062534, 39.380238877362792 ], [ 66.443863759094086, 39.380427186183226 ], [ 66.444221647903319, 39.380587303829323 ], [ 66.445906797544794, 39.380540643391036 ], [ 66.447351378353176, 39.379450918867867 ], [ 66.44766030897938, 39.379124428700543 ], [ 66.448323624985179, 39.37876516276615 ], [ 66.448541735936146, 39.378726347491686 ], [ 66.449008051400128, 39.379147759396929 ], [ 66.449519372459875, 39.379215043415172 ], [ 66.450079741534097, 39.378928270007293 ], [ 66.450527102545578, 39.378436586272663 ], [ 66.450764886601277, 39.378298475361795 ], [ 66.451100676854523, 39.378227996335177 ], [ 66.451842864942222, 39.378237995334409 ], [ 66.452916441538292, 39.377120876060708 ], [ 66.453407460672594, 39.376767779881874 ], [ 66.454911959110447, 39.375185317665775 ], [ 66.456030720965273, 39.374413829157284 ], [ 66.456858698162662, 39.374245225493006 ], [ 66.457594328548794, 39.373868365665864 ], [ 66.457969824337567, 39.3728214526964 ], [ 66.458856820849121, 39.372576457795432 ], [ 66.459157127648609, 39.372311323456053 ], [ 66.459755495459348, 39.371494872808888 ], [ 66.461514756111768, 39.370291394508662 ], [ 66.46243175635378, 39.368613504194592 ], [ 66.462890795463977, 39.367932294637733 ], [ 66.463192539567927, 39.367279135590543 ], [ 66.463491139568347, 39.366972728624631 ], [ 66.463995723263452, 39.366154201519748 ], [ 66.464023571037274, 39.365817648392856 ], [ 66.463913348650209, 39.365495058684346 ], [ 66.464314128420952, 39.364545080245264 ], [ 66.464477211272595, 39.365024670448243 ], [ 66.464713603837907, 39.365313617812973 ], [ 66.466324632586975, 39.366042434948007 ], [ 66.466806143054001, 39.366120837968083 ], [ 66.467994034761531, 39.366626942720913 ], [ 66.469310616421737, 39.366684726380015 ], [ 66.470463981381329, 39.366503649040574 ], [ 66.471125561841987, 39.36670236433536 ], [ 66.471553228189194, 39.366626782988114 ], [ 66.471771234037291, 39.366473862983739 ], [ 66.472360977122975, 39.365717782225595 ], [ 66.472761473026097, 39.364000748812934 ], [ 66.473118373688479, 39.36337683824533 ], [ 66.473374909177423, 39.363218004890577 ], [ 66.474142284229131, 39.363113496966136 ], [ 66.47494699506062, 39.363413878520099 ], [ 66.475219028284855, 39.363407670184706 ], [ 66.475750897408361, 39.363302754858779 ], [ 66.476094105949187, 39.363142873991833 ], [ 66.476318536548192, 39.362985214549518 ], [ 66.476734732307563, 39.362481128801669 ], [ 66.476892971443178, 39.362426185079272 ], [ 66.478045462341953, 39.362144634373408 ], [ 66.479016194414399, 39.362172963753821 ], [ 66.479391055094254, 39.362088921535538 ], [ 66.480423127727562, 39.361541278836789 ], [ 66.481411541339725, 39.359772611384969 ], [ 66.483020930663429, 39.359157411785809 ], [ 66.483249713599974, 39.359138107053141 ], [ 66.48431184206602, 39.359665579832317 ], [ 66.484576378849212, 39.359608259193948 ], [ 66.484950883796216, 39.359359249204608 ], [ 66.486353533043783, 39.359105762549852 ], [ 66.486593398496026, 39.358863563088391 ], [ 66.487479562269272, 39.358330895793962 ], [ 66.487660222456071, 39.358127391202416 ], [ 66.489282275330325, 39.35718994079059 ], [ 66.489738211659514, 39.357027152287138 ], [ 66.490214581966455, 39.356983208605847 ], [ 66.491428535597009, 39.357380415666142 ], [ 66.491891418598314, 39.357454678284945 ], [ 66.492896621723133, 39.357173152688027 ], [ 66.49344175986171, 39.357218861187633 ], [ 66.495177504416645, 39.356033772178485 ], [ 66.495697000145441, 39.355415579259564 ], [ 66.496150829925298, 39.355035978312685 ], [ 66.496712451251042, 39.354135141933313 ], [ 66.497171135526685, 39.353149890180909 ], [ 66.497924815761834, 39.352175392753168 ], [ 66.498117686748287, 39.351768475623523 ], [ 66.498533842083447, 39.351193371245238 ], [ 66.498978096720677, 39.35029867676181 ], [ 66.49975047538851, 39.349579781122436 ], [ 66.500339673196819, 39.348839612936985 ], [ 66.500666211700917, 39.348747149193656 ], [ 66.501605527891243, 39.348970670123713 ], [ 66.502213201350031, 39.348806336979223 ], [ 66.502355970598131, 39.348865644197375 ], [ 66.502557430376996, 39.349155537155369 ], [ 66.504498906199956, 39.350081452263936 ], [ 66.505050708041324, 39.350205106976567 ], [ 66.50675367396984, 39.350089212947886 ], [ 66.507601925244856, 39.350858076976039 ], [ 66.509918610294008, 39.351107010291742 ], [ 66.510585892361789, 39.351433182724726 ], [ 66.510936076320817, 39.351795959669893 ], [ 66.511866324018314, 39.351674079102082 ], [ 66.511902161408258, 39.351451353153436 ], [ 66.512189080615073, 39.351357388965695 ], [ 66.513243433264037, 39.351429979038294 ], [ 66.513663215996317, 39.351587384620949 ], [ 66.514520398321878, 39.35170915211382 ], [ 66.515639389247141, 39.351596281568462 ], [ 66.515887615319699, 39.351437487417662 ], [ 66.515696448437339, 39.351299833667483 ], [ 66.515556386711495, 39.351053747694955 ], [ 66.516530461415101, 39.351479204094979 ], [ 66.517104421101266, 39.351882928968465 ], [ 66.518277591217938, 39.352074052514908 ], [ 66.518786936882321, 39.352358361212026 ], [ 66.518964084656375, 39.352706510029897 ], [ 66.519279671798813, 39.353047267688311 ], [ 66.519565237244493, 39.353797485492784 ], [ 66.519431750288234, 39.354293090860708 ], [ 66.519529753790778, 39.355115510612308 ], [ 66.519396482430182, 39.355541832063054 ], [ 66.519321793802519, 39.356204781433497 ], [ 66.519411986453662, 39.357056417960585 ], [ 66.519329430380736, 39.358129397134697 ], [ 66.519148957941823, 39.358568583783224 ], [ 66.519014485533688, 39.359595422331665 ], [ 66.519390728720779, 39.362507395287551 ], [ 66.519757678836214, 39.363603771084996 ], [ 66.51981141515823, 39.363975266303562 ], [ 66.519763179220718, 39.364966379814568 ], [ 66.519444236870683, 39.366005053680475 ], [ 66.519874796691397, 39.367524218526434 ], [ 66.519807356569785, 39.367845875205816 ], [ 66.519847398075242, 39.368315089530192 ], [ 66.519198275450947, 39.369279151114341 ], [ 66.519480799201048, 39.369494892968319 ], [ 66.519730796751347, 39.369500198656709 ], [ 66.520018706799917, 39.369461169892375 ], [ 66.520246430622763, 39.369286522154859 ], [ 66.520365097173496, 39.369694022677479 ], [ 66.520202951264707, 39.369859026149364 ], [ 66.520204573622095, 39.370127293461799 ], [ 66.520364301266127, 39.370338339578957 ], [ 66.520615726239413, 39.370337156924684 ], [ 66.520839534305935, 39.371303132257403 ], [ 66.521118436048852, 39.371905604163295 ], [ 66.521872596882687, 39.372878604161066 ], [ 66.522187868716472, 39.374264807982321 ], [ 66.522576837437882, 39.375264202753357 ], [ 66.523007530209256, 39.376003858346479 ], [ 66.523435722070928, 39.376486891811332 ], [ 66.52412886573741, 39.377064083594647 ], [ 66.525708002497268, 39.376941311079598 ], [ 66.526725977868807, 39.378348053668937 ], [ 66.526764874920602, 39.37850900933087 ], [ 66.526587816978093, 39.378912646724842 ], [ 66.532154047973108, 39.382647969876665 ], [ 66.532664560549051, 39.382705529895254 ], [ 66.533735170009706, 39.382510211687162 ], [ 66.534628547254712, 39.382217622177976 ], [ 66.535935378600811, 39.381583384261809 ], [ 66.538122958675658, 39.380157837061283 ], [ 66.538475377643095, 39.379838213244888 ], [ 66.53935877280864, 39.37840060385858 ], [ 66.539645548285009, 39.37823534907163 ], [ 66.541381583894079, 39.377686000521535 ], [ 66.542092199792833, 39.377142263146517 ], [ 66.544681144441668, 39.375709518063474 ], [ 66.546365395767879, 39.374319875023915 ], [ 66.547424840966173, 39.373579053711389 ], [ 66.548262188490284, 39.373448727389473 ], [ 66.548940625837247, 39.372699844918159 ], [ 66.549552273442856, 39.372424587607902 ], [ 66.551513997292332, 39.371990845666872 ], [ 66.551863321563587, 39.371756785966582 ], [ 66.552738998404223, 39.370529175826043 ], [ 66.553612168945222, 39.369670167976608 ], [ 66.557369262128276, 39.372181544066009 ], [ 66.557175176619594, 39.372738544795972 ], [ 66.557497228937137, 39.373066724508277 ], [ 66.557152907383667, 39.373531229598754 ], [ 66.558422895226727, 39.373975351148587 ], [ 66.558580687001296, 39.374078843553647 ], [ 66.558790814624373, 39.374529932820288 ], [ 66.559065802407588, 39.374665113136295 ], [ 66.559258130811585, 39.374702547404041 ], [ 66.559550968119467, 39.37447909908181 ], [ 66.55953863514894, 39.374061388009757 ], [ 66.559744454451888, 39.373247483448971 ], [ 66.559921242899804, 39.373098320899345 ], [ 66.560580294602943, 39.373185728247684 ], [ 66.560932250938009, 39.373099725028716 ], [ 66.560944241650432, 39.372806462755321 ], [ 66.562522045310374, 39.372771801021464 ], [ 66.562716710232465, 39.373076099263159 ], [ 66.562877512261565, 39.374663956248533 ], [ 66.563485845083775, 39.37459885801637 ], [ 66.563855863844239, 39.3743449433601 ], [ 66.564064441873441, 39.374003534763297 ], [ 66.564960702710508, 39.373969337494565 ], [ 66.567280647745832, 39.373628552039683 ], [ 66.567053500641407, 39.373259564351606 ], [ 66.570130596103823, 39.373255397804975 ], [ 66.569955939358096, 39.372635515672656 ], [ 66.569710633708496, 39.37217403374958 ], [ 66.570235429497487, 39.372259727002174 ], [ 66.570566496408915, 39.372164563735936 ], [ 66.570951658070157, 39.372181260042041 ], [ 66.571173897678179, 39.372265494279333 ], [ 66.572066207724632, 39.372318758064445 ], [ 66.572478562287799, 39.372451970473612 ], [ 66.572843867587963, 39.372720899337651 ], [ 66.573061230242345, 39.373011003022611 ], [ 66.573262742123504, 39.373115585022447 ], [ 66.574555248035765, 39.373331161555434 ], [ 66.575304622645788, 39.374035581406829 ], [ 66.576015010372444, 39.374899291552538 ], [ 66.575962279265269, 39.375377528777641 ], [ 66.575544336282718, 39.375796699240638 ], [ 66.575428899175435, 39.376023888228524 ], [ 66.575472897759738, 39.376306584975417 ], [ 66.575665835221514, 39.376561059815174 ], [ 66.576713340911382, 39.376787338748777 ], [ 66.577319577065737, 39.377471531087835 ], [ 66.57781460538115, 39.377624581854789 ], [ 66.578116349485086, 39.377634858692794 ], [ 66.577741302853966, 39.379081725173513 ], [ 66.578700116079204, 39.379536787889073 ], [ 66.5810950731357, 39.380191175158359 ], [ 66.583944989154332, 39.380553355586137 ], [ 66.58500943886709, 39.380451192743919 ], [ 66.585297340830806, 39.380519310117137 ], [ 66.585828059212474, 39.380802185160391 ], [ 66.587749914032997, 39.381378012289758 ], [ 66.587965666008046, 39.381506760844687 ], [ 66.588911033250099, 39.381666178896111 ], [ 66.59309862966002, 39.381692631886729 ], [ 66.593346485626711, 39.381487519225935 ], [ 66.593643280013438, 39.381026410354629 ], [ 66.59389936903969, 39.380875931275853 ], [ 66.595704552467737, 39.380580700545949 ], [ 66.596060030198714, 39.380582104524876 ], [ 66.596378828818317, 39.380687154285049 ], [ 66.598018923456735, 39.381421776062759 ], [ 66.598315777132257, 39.381431491312519 ], [ 66.598852430682982, 39.381281999076393 ], [ 66.600004520034872, 39.381136811465836 ], [ 66.601758031469458, 39.381247629009373 ], [ 66.604483148138968, 39.382687866126204 ], [ 66.605828650161413, 39.383587733654714 ], [ 66.60720558693059, 39.384696285094726 ], [ 66.608071295166539, 39.385281419887065 ], [ 66.608934394694884, 39.385618389508721 ], [ 66.610707829864154, 39.386116737196019 ], [ 66.61131452685423, 39.386715707011248 ], [ 66.611731390960131, 39.387242211941121 ], [ 66.61184449514262, 39.38750395215726 ], [ 66.612450964858922, 39.390346034320629 ], [ 66.612324459609042, 39.390886137193569 ], [ 66.612099432528694, 39.391281718497446 ], [ 66.612164564878341, 39.391608639153169 ], [ 66.613100650726921, 39.392648028832831 ], [ 66.614831564142236, 39.393868847221668 ], [ 66.615470990351341, 39.394543903585614 ], [ 66.615567020255227, 39.394966467477751 ], [ 66.615683456289077, 39.396557530021816 ], [ 66.616061905738505, 39.397235034448514 ], [ 66.616896107362479, 39.39838136890716 ], [ 66.617557510855022, 39.399002339930917 ], [ 66.61835283159688, 39.399228934841133 ], [ 66.6195585889988, 39.399783199242357 ], [ 66.621045126520855, 39.399222808825449 ], [ 66.621514416306738, 39.398868986600654 ], [ 66.62163190965768, 39.398858369275281 ], [ 66.621630741847824, 39.399057387456011 ], [ 66.621769890885332, 39.399393363842762 ], [ 66.621583576702122, 39.399952028598882 ], [ 66.621764524349842, 39.400206674063341 ], [ 66.621784623255991, 39.400436407496684 ], [ 66.621585128092647, 39.4008909262784 ], [ 66.621587992820082, 39.401790901975851 ], [ 66.621220857651679, 39.402748216578473 ], [ 66.621479285890899, 39.403186175094106 ], [ 66.62137546220363, 39.403450102378784 ], [ 66.621699733359947, 39.404071727949209 ], [ 66.621734407431617, 39.404473490537285 ], [ 66.62183520469469, 39.404673874673477 ], [ 66.621726941533268, 39.405089100178181 ], [ 66.621793965734938, 39.405396239396794 ], [ 66.621622697434447, 39.40591578591642 ], [ 66.621654905630663, 39.406791993579183 ], [ 66.622128699569387, 39.407121946898741 ], [ 66.624258040067701, 39.408991813679883 ], [ 66.624584582165042, 39.409676859777285 ], [ 66.624494689551199, 39.410342916730841 ], [ 66.624513435594551, 39.410979879730476 ], [ 66.624336557315104, 39.411435521475099 ], [ 66.624328378154459, 39.411675355101941 ], [ 66.625378066750471, 39.413648374574777 ], [ 66.625198674984844, 39.414176949156712 ], [ 66.625288232527112, 39.415627632819621 ], [ 66.625682445613137, 39.41600039115464 ], [ 66.626778755874085, 39.41635970966211 ], [ 66.627666968704517, 39.416950670041736 ], [ 66.628816892218254, 39.416837374055376 ], [ 66.629072509628969, 39.416924902894777 ], [ 66.629506731881108, 39.417975477042617 ], [ 66.631392043235891, 39.419085119159256 ], [ 66.633200771416071, 39.42054384631767 ], [ 66.633390628554722, 39.421003632972116 ], [ 66.633135415385865, 39.422296665752604 ], [ 66.633596930252963, 39.423287536794611 ], [ 66.635202047189182, 39.425341865726423 ], [ 66.635375350173788, 39.425823241310013 ], [ 66.635997049029115, 39.42677582739568 ], [ 66.635738244395739, 39.426971712786802 ], [ 66.635723601856611, 39.427182377438797 ], [ 66.63584801493019, 39.4273221943008 ], [ 66.636323585736577, 39.427572344062163 ], [ 66.63683589494309, 39.42772888340226 ], [ 66.637965886637289, 39.428316666580216 ], [ 66.638491311246995, 39.428375576669929 ], [ 66.638851625507456, 39.428246307467894 ], [ 66.639453856073928, 39.428167551667606 ], [ 66.640423048433959, 39.428350666520267 ], [ 66.640876129018849, 39.428677393302664 ], [ 66.64181870789028, 39.429084062699147 ], [ 66.642113952683147, 39.429377042656455 ], [ 66.642443718834045, 39.429540653970975 ], [ 66.644389649402513, 39.430010120980832 ], [ 66.645549733760419, 39.430757750725384 ], [ 66.645797749627235, 39.431096772324786 ], [ 66.647055442228961, 39.432363311742421 ], [ 66.647463512726546, 39.433245768663511 ], [ 66.648362089420417, 39.433857535809345 ], [ 66.648880812598065, 39.434505160883198 ], [ 66.649229691304981, 39.434703097658648 ], [ 66.64984808436003, 39.434787325799839 ], [ 66.650430100137669, 39.434755125280901 ], [ 66.652045182085317, 39.43419840938985 ], [ 66.653724672340516, 39.434259326577049 ], [ 66.654181171015054, 39.434191931211572 ], [ 66.655781333742453, 39.433544797229018 ], [ 66.657733778893345, 39.433660470848821 ], [ 66.660647449246028, 39.433083851359811 ], [ 66.661284359274077, 39.433025704994108 ], [ 66.66174689732226, 39.433087042973263 ], [ 66.662219057225499, 39.433195829723793 ], [ 66.663004240479353, 39.433769115164232 ], [ 66.663869423200865, 39.435192061277043 ], [ 66.664384477658899, 39.43561687516906 ], [ 66.665848989388479, 39.435912375987165 ], [ 66.666545240327565, 39.436509692253573 ], [ 66.667277071738368, 39.436649729758159 ], [ 66.667901704491413, 39.43659217817499 ], [ 66.668491267015753, 39.436681889161363 ], [ 66.668808015679872, 39.436820644886346 ], [ 66.669973524963808, 39.437708435348902 ], [ 66.670427140944625, 39.437958936339491 ], [ 66.672368038252515, 39.438184695608435 ], [ 66.674338675186249, 39.43902630941929 ], [ 66.67530166647586, 39.439364872442034 ], [ 66.67612902653066, 39.439552746230063 ], [ 66.676377042397462, 39.43994707674922 ], [ 66.677407251924848, 39.44007671274759 ], [ 66.67877706954539, 39.440867276212543 ], [ 66.679971710295661, 39.441187062316338 ], [ 66.682062292981072, 39.441143105021325 ], [ 66.683961921684812, 39.440799355825774 ], [ 66.684325146486799, 39.440689808801267 ], [ 66.684724903974768, 39.440209943559026 ], [ 66.685157176882754, 39.440081802859979 ], [ 66.685467718188264, 39.440195094360078 ], [ 66.686001405501926, 39.440579431874212 ], [ 66.686607180820516, 39.440593071777649 ], [ 66.687430090621376, 39.439978366736 ], [ 66.687773516554472, 39.439911210700771 ], [ 66.688259224848821, 39.440111055215944 ], [ 66.688403947034345, 39.440391642718673 ], [ 66.689318168787196, 39.440984382755772 ], [ 66.689999712508438, 39.441143801545081 ], [ 66.690560806523081, 39.440980911922757 ], [ 66.691119258592508, 39.440999679949115 ], [ 66.692034225947054, 39.441596058356701 ], [ 66.693066663296378, 39.44191602009959 ], [ 66.693710908966978, 39.441956495022509 ], [ 66.695016632690326, 39.441702617391513 ], [ 66.696936397131211, 39.441828857030799 ], [ 66.698181470199813, 39.441751006655601 ], [ 66.699130831351638, 39.441618887394867 ], [ 66.699641788593681, 39.441236489785361 ], [ 66.700076031507066, 39.440610446850314 ], [ 66.700013870784346, 39.439781685396376 ], [ 66.700128316151563, 39.439609007741247 ], [ 66.700937428727968, 39.439234374153045 ], [ 66.701355145335086, 39.439245335682926 ], [ 66.701779955039683, 39.439619613311308 ], [ 66.702662171615586, 39.439813649794104 ], [ 66.703009820528862, 39.440045849467239 ], [ 66.703192285431072, 39.440332525642859 ], [ 66.703709723119545, 39.440597058783119 ], [ 66.704226413409742, 39.440652751266555 ], [ 66.705174692091617, 39.440555087335277 ], [ 66.706363544996506, 39.441218369089761 ], [ 66.707568800240182, 39.441032453393952 ], [ 66.708064392697608, 39.44086061619776 ], [ 66.708909258222292, 39.441035441374574 ], [ 66.709299930149484, 39.441301420389379 ], [ 66.709649755680672, 39.44137721916519 ], [ 66.710205035798836, 39.441210334099829 ], [ 66.710699510752036, 39.440823986105116 ], [ 66.711122799608845, 39.440620235025747 ], [ 66.711908332307345, 39.44052151099131 ], [ 66.712234194380059, 39.440573815932382 ], [ 66.713445301249479, 39.441480619912056 ], [ 66.714013702160656, 39.442217291765594 ], [ 66.714660725422149, 39.442519920461606 ], [ 66.71472979957926, 39.44265006434069 ], [ 66.714727998457121, 39.443034037280903 ], [ 66.71504011361101, 39.443554859317359 ], [ 66.715406979284865, 39.443918433258908 ], [ 66.715948374143665, 39.444256910067679 ], [ 66.716221567092916, 39.44433591684286 ], [ 66.717115467157399, 39.444265329719393 ], [ 66.718124535732898, 39.44445644589738 ], [ 66.718524106371291, 39.444615861595466 ], [ 66.719034140145212, 39.445035739847761 ], [ 66.72147974331908, 39.445360559772453 ], [ 66.722733637843831, 39.44573000619593 ], [ 66.722995306306274, 39.445849658079609 ], [ 66.723112876912367, 39.446071400225314 ], [ 66.723605430369176, 39.446511198876692 ], [ 66.72388429707776, 39.446385001021952 ], [ 66.724191411310485, 39.446363347974653 ], [ 66.724899900896958, 39.446749145665436 ], [ 66.725453714964559, 39.447611641331406 ], [ 66.726054211782554, 39.44798763109425 ], [ 66.727195569860044, 39.448218126202065 ], [ 66.72898254803053, 39.449164294177706 ], [ 66.730552035087626, 39.449462508717794 ], [ 66.731220915258277, 39.449826178757306 ], [ 66.732132593880593, 39.449759168175682 ], [ 66.734488564952031, 39.450856184685414 ], [ 66.735801858778302, 39.450782615915138 ], [ 66.736755118618447, 39.450852088670239 ], [ 66.737346661029676, 39.450994633325593 ], [ 66.737629091355018, 39.45093561403732 ], [ 66.738264226312026, 39.450587932291562 ], [ 66.738689945111688, 39.45054086919324 ], [ 66.73906813404966, 39.450783884605954 ], [ 66.739389315001389, 39.451374938727035 ], [ 66.739966261585877, 39.451648445217671 ], [ 66.740300796892626, 39.451961635233559 ], [ 66.740439253329072, 39.452220147814096 ], [ 66.740652587937703, 39.453102618144769 ], [ 66.741711659436859, 39.452851693014921 ], [ 66.74229565869463, 39.452328618904787 ], [ 66.743032290702345, 39.452107525815514 ], [ 66.74395049917841, 39.452081705772613 ], [ 66.744525129007783, 39.451654344660604 ], [ 66.745026272155357, 39.451036190615739 ], [ 66.745583356090592, 39.450777337217616 ], [ 66.746042328725437, 39.450781447803941 ], [ 66.746999878919397, 39.451400725043342 ], [ 66.747659604358986, 39.451528790118651 ], [ 66.748286814378574, 39.45153884936208 ], [ 66.749332668066643, 39.451415720987093 ], [ 66.750286382454334, 39.451467754160831 ], [ 66.751880256974729, 39.451020073651257 ], [ 66.752970724593084, 39.451031381538662 ], [ 66.754469175572439, 39.450836641037469 ], [ 66.755140877351408, 39.450624557248787 ], [ 66.755895549326652, 39.450169377027862 ], [ 66.756145270195844, 39.450139551772118 ], [ 66.75644163608618, 39.450274580717128 ], [ 66.756933195107948, 39.450783467720683 ], [ 66.757817233467264, 39.451039781642734 ], [ 66.758369868945209, 39.451034849789863 ], [ 66.759788849564643, 39.450641683571575 ], [ 66.762270002667577, 39.450642733763942 ], [ 66.763750867328625, 39.45082696250774 ], [ 66.765080348796317, 39.450735108316735 ], [ 66.765414481657785, 39.45079870172021 ], [ 66.76605512238919, 39.451165362731551 ], [ 66.766260760232441, 39.45121075926415 ], [ 66.766961176659493, 39.451127103821086 ], [ 66.767685528697271, 39.451383131389285 ], [ 66.767989837491328, 39.451410945924906 ], [ 66.768490815348883, 39.451237162294525 ], [ 66.768731118280627, 39.4508716989044 ], [ 66.769427495882127, 39.450431213327114 ], [ 66.770364893271022, 39.44923820316793 ], [ 66.7706586423689, 39.449056669983939 ], [ 66.771468743092129, 39.448815064328144 ], [ 66.771794021259879, 39.448376598906655 ], [ 66.77187604014027, 39.447895517882849 ], [ 66.771605796360092, 39.446552851104059 ], [ 66.771735636156308, 39.446277122801405 ], [ 66.772854938796954, 39.445923284783142 ], [ 66.773044486915168, 39.445694295740189 ], [ 66.773176171850992, 39.445334545764496 ], [ 66.772811565440094, 39.44454596569576 ], [ 66.772017679307766, 39.443219650718255 ], [ 66.772523725460147, 39.442895282833184 ], [ 66.772567375498099, 39.442716995740589 ], [ 66.77197063184137, 39.442120943276088 ], [ 66.772145713490275, 39.441519122077203 ], [ 66.772257014753947, 39.441328896934799 ], [ 66.772813247086305, 39.441009083038495 ], [ 66.77293857644149, 39.440639730203202 ], [ 66.772133505385554, 39.439845241627133 ], [ 66.772027409858921, 39.439101936534939 ], [ 66.772087859290991, 39.438713986024091 ], [ 66.771874859753993, 39.438329242070196 ], [ 66.771899640679422, 39.438006216075131 ], [ 66.771436050703997, 39.436777003980289 ], [ 66.770908099133422, 39.436035267436729 ], [ 66.770870454333121, 39.435761289586253 ], [ 66.771298781840386, 39.435237185842837 ], [ 66.77112262221317, 39.434798698072399 ], [ 66.771160876071249, 39.434508169958193 ], [ 66.771597121329393, 39.434118901279362 ], [ 66.771760426064901, 39.43364113260364 ], [ 66.771660616050312, 39.433427224416462 ], [ 66.771372057418091, 39.433262795879941 ], [ 66.771148918596481, 39.432959743970144 ], [ 66.771273090023271, 39.432199283120923 ], [ 66.771947244202948, 39.430617593136098 ], [ 66.771928368802193, 39.42995308430784 ], [ 66.772008003553822, 39.429749707341109 ], [ 66.772313480157763, 39.429562913134482 ], [ 66.772843430479853, 39.428527529083738 ], [ 66.774311628895376, 39.428359623073185 ], [ 66.77575711610389, 39.428667079575042 ], [ 66.776491719715679, 39.428618831098717 ], [ 66.778486020968927, 39.427940511646526 ], [ 66.779292174494799, 39.427395127968197 ], [ 66.78029684941022, 39.427063861303196 ], [ 66.781489096150253, 39.426826002696608 ], [ 66.784102382448367, 39.42563881111451 ], [ 66.784839268679278, 39.424676425317635 ], [ 66.785674341669107, 39.424473595021389 ], [ 66.786132392632467, 39.424218719662711 ], [ 66.786947254426693, 39.423981260757721 ], [ 66.787522172615283, 39.423629305202525 ], [ 66.788479828810438, 39.422876518016182 ], [ 66.788938801445283, 39.422651607091531 ], [ 66.790393551182703, 39.422593685181866 ], [ 66.790865256538382, 39.422405559561284 ], [ 66.791920347602499, 39.421375372993808 ], [ 66.792820411008165, 39.420814288645197 ], [ 66.793009175795447, 39.420787352924279 ], [ 66.793320663026975, 39.421033345793475 ], [ 66.793674203091882, 39.421158346023731 ], [ 66.795502270203485, 39.420847449095234 ], [ 66.796068302257282, 39.420588815903123 ], [ 66.797263858390778, 39.419536283219401 ], [ 66.797902441980185, 39.419247044702786 ], [ 66.798583184404166, 39.419132383943875 ], [ 66.799332869831304, 39.419211365084564 ], [ 66.800833232425532, 39.41900665071875 ], [ 66.802258311707433, 39.418444679140066 ], [ 66.802730743800197, 39.418377911793698 ], [ 66.803515332369329, 39.418363199512555 ], [ 66.803539776426561, 39.419224830128002 ], [ 66.803922535992683, 39.41952921033873 ], [ 66.804424429233521, 39.419536218680747 ], [ 66.804972583914818, 39.41931935461794 ], [ 66.805457929289773, 39.419406374440271 ], [ 66.806583573138013, 39.420204840690744 ], [ 66.807174327726756, 39.4203598559982 ], [ 66.807640129354411, 39.420385483084338 ], [ 66.808134939379187, 39.420249868093322 ], [ 66.808742988333762, 39.419678687246311 ], [ 66.809007951816696, 39.419072531265073 ], [ 66.809748743024159, 39.418717675795754 ], [ 66.810232240564588, 39.418737649003063 ], [ 66.810632317852807, 39.419031142969182 ], [ 66.812558867269004, 39.418300711839635 ], [ 66.81341484585208, 39.417497785748559 ], [ 66.813698005609425, 39.416954206612949 ], [ 66.81498115107641, 39.416355501273003 ], [ 66.815621269886634, 39.416248172690871 ], [ 66.817327031372315, 39.416196853701322 ], [ 66.818765090411745, 39.416349872968546 ], [ 66.819293062643567, 39.416271601320027 ], [ 66.820049678573099, 39.415959271694547 ], [ 66.820755535197463, 39.415915221448373 ], [ 66.821207789332334, 39.415684962288047 ], [ 66.821822016899432, 39.415759975564228 ], [ 66.822379414346699, 39.415523809918511 ], [ 66.822712868980162, 39.415498271265562 ], [ 66.822981328706177, 39.415541080896602 ], [ 66.82319481513008, 39.415675104679259 ], [ 66.823457123193037, 39.416026960905981 ], [ 66.824293814048659, 39.416813257177253 ], [ 66.825569061527673, 39.417055046008748 ], [ 66.826125478014688, 39.417072043175999 ], [ 66.826551100694616, 39.416940396217996 ], [ 66.827090179696597, 39.416895356267737 ], [ 66.827563142693705, 39.41693595468336 ], [ 66.82791501279047, 39.417194257211506 ], [ 66.828366865378399, 39.417705307539521 ], [ 66.828749547689455, 39.417964648186327 ], [ 66.830546268089194, 39.418741068202358 ], [ 66.830978896730031, 39.419026845219342 ], [ 66.831625414240037, 39.419820324849319 ], [ 66.832369937947504, 39.420331980485223 ], [ 66.833134583917357, 39.420698596475368 ], [ 66.833727561836383, 39.42077826215948 ], [ 66.83508859932337, 39.421656313532388 ], [ 66.836728204379938, 39.422278708063118 ], [ 66.837294681998088, 39.422404518658247 ], [ 66.837969855765635, 39.422781532722027 ], [ 66.839855150052429, 39.422768625592873 ], [ 66.840747985613319, 39.423263882915485 ], [ 66.84214262009192, 39.423644431338168 ], [ 66.844037346689163, 39.424330301475386 ], [ 66.844691769373654, 39.424272359449468 ], [ 66.84528429813507, 39.423955585725352 ], [ 66.845756991637558, 39.423846640212616 ], [ 66.846066640916007, 39.423898198524277 ], [ 66.846766069196207, 39.42428894405824 ], [ 66.847297243023704, 39.424295466873971 ], [ 66.847988586466371, 39.42416986786759 ], [ 66.848950412641074, 39.424242174063551 ], [ 66.849928138996319, 39.424774267639762 ], [ 66.8510223768439, 39.42478675805048 ], [ 66.852008367699753, 39.425142109298079 ], [ 66.852960402237869, 39.424495383941569 ], [ 66.853432107593548, 39.423993612526679 ], [ 66.853601799350727, 39.423918877351859 ], [ 66.854062455428434, 39.423965647563506 ], [ 66.855512156633921, 39.42310955342252 ], [ 66.856138641713059, 39.422653779795446 ], [ 66.856192540630104, 39.422337970225016 ], [ 66.857069835336588, 39.421759780329104 ], [ 66.858272948996586, 39.420476184392655 ], [ 66.858798373606291, 39.420237741196885 ], [ 66.860061584558835, 39.419295480098768 ], [ 66.860194804715448, 39.419033646115167 ], [ 66.860194355557795, 39.418591378316229 ], [ 66.86009769683325, 39.418341478072882 ], [ 66.860146565184692, 39.418110453140947 ], [ 66.86110623540273, 39.41749614100592 ], [ 66.861224274031059, 39.417249082181698 ], [ 66.860667408386419, 39.416413308999452 ], [ 66.860501759048049, 39.415919668600026 ], [ 66.860464478963735, 39.415498409372333 ], [ 66.860551256220191, 39.415108100363064 ], [ 66.86083386620858, 39.414735694673006 ], [ 66.860848059590055, 39.414498689270502 ], [ 66.860706754595853, 39.414345034385768 ], [ 66.861097611576, 39.413386731057876 ], [ 66.860727505678952, 39.412301128481346 ], [ 66.860722924270974, 39.41131399416615 ], [ 66.861028351467581, 39.410192268364774 ], [ 66.861788416029469, 39.409213780027237 ], [ 66.862932510375359, 39.408633884906273 ], [ 66.863063574575307, 39.408438919682467 ], [ 66.863135709292592, 39.408127418400092 ], [ 66.862869089316277, 39.407523776593202 ], [ 66.863108759834063, 39.406961844327881 ], [ 66.863559714106728, 39.406422673836438 ], [ 66.864206680774345, 39.406070420008867 ], [ 66.865261572412479, 39.405906404466904 ], [ 66.865455608513827, 39.405699631890251 ], [ 66.865490732641447, 39.405230972877831 ], [ 66.865393355264658, 39.40489210934922 ], [ 66.865452374578823, 39.404437396607321 ], [ 66.865615239139814, 39.404111370396997 ], [ 66.865999089260725, 39.40383795699249 ], [ 66.866452289321586, 39.40333922985711 ], [ 66.866482293052087, 39.403037701241175 ], [ 66.866335867660766, 39.40191306574792 ], [ 66.86639982770896, 39.401639157826104 ], [ 66.866822574881695, 39.400999641807985 ], [ 66.86709997464142, 39.400794381814784 ], [ 66.866884828130878, 39.400553094692661 ], [ 66.866815118864821, 39.400330687756814 ], [ 66.866759782643314, 39.398954234050599 ], [ 66.866398929393711, 39.398246386547484 ], [ 66.866294634989217, 39.397791422224422 ], [ 66.866298767239499, 39.396971590404029 ], [ 66.865979865313648, 39.396259141091669 ], [ 66.865940429272698, 39.395956401731056 ], [ 66.865498727647477, 39.395166190968403 ], [ 66.865457674638989, 39.394917317500848 ], [ 66.865464501835163, 39.394690866171238 ], [ 66.866296072293679, 39.393277229560013 ], [ 66.866702919285842, 39.393102978797742 ], [ 66.867025594135896, 39.392737259049625 ], [ 66.866909891127307, 39.39243040842743 ], [ 66.866581556890949, 39.392025252461643 ], [ 66.866695463268968, 39.391709095880906 ], [ 66.866715765194414, 39.391272555849604 ], [ 66.866579670428877, 39.390946398680981 ], [ 66.865630690162732, 39.389467286640276 ], [ 66.865477707069829, 39.388784822591205 ], [ 66.865843770548111, 39.388358122959431 ], [ 66.866443485831809, 39.388074927929871 ], [ 66.866771101415907, 39.387752088360024 ], [ 66.866984361464347, 39.387708418118585 ], [ 66.867245591548979, 39.387367039470668 ], [ 66.866954447565391, 39.386859863105968 ], [ 66.866854734568847, 39.38573739684648 ], [ 66.8668545549058, 39.38537823437985 ], [ 66.867116503642649, 39.384833550869978 ], [ 66.866866322836046, 39.383894421810332 ], [ 66.86689363162067, 39.383555107471324 ], [ 66.866771460742015, 39.383237593296172 ], [ 66.866577873798278, 39.383002147236056 ], [ 66.866491366036428, 39.382658732006767 ], [ 66.866512835771729, 39.382135621129635 ], [ 66.86620552211302, 39.381610770478616 ], [ 66.866228878310423, 39.381390525055799 ], [ 66.865963965133119, 39.380754017432174 ], [ 66.865789602136473, 39.380620979870336 ], [ 66.865499266636633, 39.380087785552469 ], [ 66.865256272352312, 39.379828095739434 ], [ 66.865164105204144, 39.379376413696207 ], [ 66.865636798706646, 39.378865846293344 ], [ 66.865960192208945, 39.379049228813521 ], [ 66.866461721632049, 39.379054089381171 ], [ 66.867226367601901, 39.379210877223954 ], [ 66.867360216579215, 39.379390717584315 ], [ 66.868296620431408, 39.379766992113623 ], [ 66.868660527952983, 39.380080911422851 ], [ 66.869432719771225, 39.38035462624434 ], [ 66.869927960987354, 39.380734436763092 ], [ 66.870355559062602, 39.380626812420097 ], [ 66.870492731806479, 39.380516827113631 ], [ 66.871392933552698, 39.380429477548482 ], [ 66.871737886621787, 39.380271373168959 ], [ 66.872039810388813, 39.379874478910601 ], [ 66.872592184457005, 39.379676933603953 ], [ 66.872976034577903, 39.379337807070819 ], [ 66.873828625614067, 39.379167340511103 ], [ 66.874089137046468, 39.379033674994879 ], [ 66.874034878803315, 39.378681282861585 ], [ 66.874182292341445, 39.378054680120748 ], [ 66.874084106480851, 39.377679854560462 ], [ 66.874875162920077, 39.37738224246538 ], [ 66.874981164123611, 39.377193786553626 ], [ 66.875808153174148, 39.376683550382062 ], [ 66.874634414423923, 39.375891177046043 ], [ 66.874274998478725, 39.375369473698285 ], [ 66.873751370499619, 39.374302722999232 ], [ 66.873494003170734, 39.372248338277785 ], [ 66.87436357236578, 39.37176257967397 ], [ 66.874338599200854, 39.37143848409837 ], [ 66.874690199803084, 39.370846191554278 ], [ 66.87461105822652, 39.370246046651886 ], [ 66.874828630188361, 39.369718745444693 ], [ 66.874484934760645, 39.369364500688185 ], [ 66.873836620620111, 39.368928237571765 ], [ 66.873718581991767, 39.367729784734877 ], [ 66.873414053110423, 39.367109889660675 ], [ 66.873074669596107, 39.366904599422526 ], [ 66.873014931629697, 39.366669862213158 ], [ 66.873096857983626, 39.366541589801159 ], [ 66.873092546070254, 39.366316504831417 ], [ 66.872797718994008, 39.366112115105189 ], [ 66.872372097212391, 39.365628397315021 ], [ 66.871871466104551, 39.365411504531636 ], [ 66.87154223355293, 39.36505501550598 ], [ 66.871289267968933, 39.364942227638693 ], [ 66.870780641855049, 39.363885874301211 ], [ 66.870761597571018, 39.363632861067693 ], [ 66.86990523361068, 39.362834922305666 ], [ 66.86989544197408, 39.362201301457155 ], [ 66.869684787039972, 39.361795900558192 ], [ 66.869492278074546, 39.361674703498835 ], [ 66.869467394741179, 39.361246726871009 ], [ 66.869554441492227, 39.361023361201958 ], [ 66.869362920673652, 39.360796591531809 ], [ 66.869307674283689, 39.360489253208108 ], [ 66.869192869590364, 39.360378124893771 ], [ 66.868734638963929, 39.358950527062241 ], [ 66.868304435774391, 39.358618176099995 ], [ 66.867136895399582, 39.358155452022572 ], [ 66.866941511825303, 39.35798312784749 ], [ 66.866553709117156, 39.357357311770492 ], [ 66.866649379694906, 39.357142685431967 ], [ 66.866509242510602, 39.356988695837167 ], [ 66.866493342330045, 39.35677636050773 ], [ 66.866240825903688, 39.356650639907038 ], [ 66.866124044916759, 39.356458099410425 ], [ 66.865641559777686, 39.356380027282931 ], [ 66.864615234565576, 39.355128082958835 ], [ 66.864318880353309, 39.354975547596503 ], [ 66.863926586068757, 39.354314973945797 ], [ 66.8632583293289, 39.353748862219668 ], [ 66.862605343948857, 39.35286724694744 ], [ 66.862649271566255, 39.352521877453093 ], [ 66.862428106343287, 39.352098151485578 ], [ 66.862532221084734, 39.351792858806469 ], [ 66.862498085103923, 39.35145040149493 ], [ 66.862131482636485, 39.351227351824036 ], [ 66.861958556944288, 39.350865024836693 ], [ 66.861989638653128, 39.350723664009067 ], [ 66.861723916992077, 39.350594181407907 ], [ 66.861241970842158, 39.35006006314196 ], [ 66.861150163020127, 39.349781505891215 ], [ 66.859891802970111, 39.348650663193965 ], [ 66.85990482854173, 39.348222606776183 ], [ 66.859558258505132, 39.347528277296405 ], [ 66.859729746892867, 39.347020880985795 ], [ 66.85970764833688, 39.346466658845472 ], [ 66.85993240682096, 39.346224141858698 ], [ 66.860071555858482, 39.34621170684872 ], [ 66.86033961313926, 39.346391701665574 ], [ 66.862439065789786, 39.346620671631058 ], [ 66.863231559533418, 39.346397259197914 ], [ 66.86492694996916, 39.345255871723197 ], [ 66.865543912906276, 39.345124433818981 ], [ 66.866244059838692, 39.345189180217076 ], [ 66.866689264893523, 39.345392033350663 ], [ 66.867410432403602, 39.345314435149554 ], [ 66.868617049493238, 39.345509576746338 ], [ 66.869771474464869, 39.345148262167733 ], [ 66.87080660316677, 39.34526754273022 ], [ 66.871326817547811, 39.34553326602375 ], [ 66.872066580184253, 39.345394464805899 ], [ 66.872218125972694, 39.345468172594053 ], [ 66.872472349198105, 39.345832820065063 ], [ 66.873101349560045, 39.345891035659669 ], [ 66.873450434879445, 39.346065334805232 ], [ 66.873962115265286, 39.345546812674414 ], [ 66.875013144147715, 39.344935890854501 ], [ 66.875183374894036, 39.34437380193863 ], [ 66.876016831814667, 39.342886755885246 ], [ 66.876089325858089, 39.342559052671184 ], [ 66.876116544811183, 39.342349174524749 ], [ 66.875962214245376, 39.341709879445261 ], [ 66.875219038010812, 39.340558202602985 ], [ 66.874974606422029, 39.338900510519949 ], [ 66.875083212739867, 39.338789208913987 ], [ 66.876189667675305, 39.338778092638968 ], [ 66.876593640058601, 39.339039949922331 ], [ 66.876956739096414, 39.339167578070281 ], [ 66.877279593609543, 39.33916090834159 ], [ 66.877574420685804, 39.339032793846165 ], [ 66.878177549567567, 39.338081862917861 ], [ 66.879312121771378, 39.3371261250469 ], [ 66.879703158414571, 39.336433630742285 ], [ 66.880091679774949, 39.335409501980465 ], [ 66.880161389041007, 39.334874572858908 ], [ 66.880122312326137, 39.334556628893317 ], [ 66.879783557632493, 39.333859453869266 ], [ 66.879589701194192, 39.333195137016013 ], [ 66.879615752337415, 39.332655605086941 ], [ 66.8797098957792, 39.332434510439619 ], [ 66.879549097343357, 39.331321452945978 ], [ 66.87955035498473, 39.330475617459335 ], [ 66.880010112747172, 39.329256770887945 ], [ 66.879936001736226, 39.328171666184097 ], [ 66.879243580315219, 39.327271730830951 ], [ 66.878296306848114, 39.32577493987457 ], [ 66.877732164849675, 39.325159745333316 ], [ 66.876933293067509, 39.323925517985032 ], [ 66.873350272725276, 39.319589323484081 ], [ 66.87101869540534, 39.318243941518197 ], [ 66.870285670133484, 39.317569746629651 ], [ 66.869256380480962, 39.316886301946887 ], [ 66.868035749672899, 39.315621626733453 ], [ 66.867863362969871, 39.315526134034911 ], [ 66.867740473439014, 39.314697691180314 ], [ 66.867852044197278, 39.313455425516786 ], [ 66.867798055448716, 39.312091854749099 ], [ 66.86885636068493, 39.311860547586022 ], [ 66.870899039809501, 39.31096811735074 ], [ 66.870495965741497, 39.309925057711943 ], [ 66.870337862251517, 39.308713637754963 ], [ 66.870448444862973, 39.307614243307754 ], [ 66.870258900338058, 39.306163255303119 ], [ 66.870287197269477, 39.305826135220556 ], [ 66.870392300157718, 39.305636513149196 ], [ 66.870363643900134, 39.305480255279036 ], [ 66.870531808521349, 39.305258310115605 ], [ 66.870553637582759, 39.3050899566284 ], [ 66.870440988846141, 39.304949476385474 ], [ 66.870398049375538, 39.304710707982785 ], [ 66.869863192455384, 39.304536514276172 ], [ 66.870036387642145, 39.304150242008177 ], [ 66.869997490590364, 39.303963534871485 ], [ 66.869747309783719, 39.303950258209483 ], [ 66.869256739807071, 39.304148990807882 ], [ 66.868228977290499, 39.303515741563061 ], [ 66.868162322296428, 39.303324166897617 ], [ 66.868661426268275, 39.303212113548398 ], [ 66.868802551599416, 39.302672280817319 ], [ 66.867629172175299, 39.302544238500246 ], [ 66.866522088419174, 39.302688338224939 ], [ 66.86641204479686, 39.302461309773591 ], [ 66.866485167660969, 39.302254995465717 ], [ 66.866413931258933, 39.302033040074775 ], [ 66.865948424278699, 39.301773546706777 ], [ 66.865198061521895, 39.301543456684911 ], [ 66.865167518802224, 39.301265957380444 ], [ 66.865032951172694, 39.301112053233837 ], [ 66.86437179112356, 39.300879249976916 ], [ 66.864294266514548, 39.300497058896333 ], [ 66.863872956646276, 39.300433105292335 ], [ 66.863527464587989, 39.300257997245048 ], [ 66.862798212240349, 39.300248960295399 ], [ 66.861266315186356, 39.300631847876843 ], [ 66.860715737748691, 39.300563514970698 ], [ 66.860046672525115, 39.300998814600931 ], [ 66.859165335399837, 39.301229253983252 ], [ 66.856800700077486, 39.301341519048528 ], [ 66.856310489426932, 39.301163702224095 ], [ 66.855767457837658, 39.301075836355189 ], [ 66.855456101760183, 39.300693646347938 ], [ 66.854582130820276, 39.300318405747518 ], [ 66.853369854344351, 39.300261472994592 ], [ 66.853035501395624, 39.300086573063417 ], [ 66.852554723055562, 39.299965199483907 ], [ 66.852403626424774, 39.299806634943053 ], [ 66.851491477085247, 39.29958647919581 ], [ 66.851156135989697, 39.299264412404803 ], [ 66.850432722691394, 39.298883255252846 ], [ 66.849633581414665, 39.298245439764877 ], [ 66.848956880511111, 39.298341095079337 ], [ 66.848269399824176, 39.298241894398252 ], [ 66.848067638211376, 39.298328095418526 ], [ 66.847850964564842, 39.298087010362856 ], [ 66.847736968355278, 39.297626249186742 ], [ 66.847831201628608, 39.297277548006704 ], [ 66.848287635624445, 39.296736487693671 ], [ 66.848676875637082, 39.296574926537623 ], [ 66.848797788874293, 39.296443049534517 ], [ 66.848909539295661, 39.296068689898576 ], [ 66.84870508273697, 39.295653867886024 ], [ 66.848714604879007, 39.295342489064147 ], [ 66.849596121667304, 39.294558370017889 ], [ 66.849720179008031, 39.294508732254563 ], [ 66.849955717275535, 39.294634217008479 ], [ 66.850073486409286, 39.294606130689701 ], [ 66.850131427745097, 39.294533620661284 ], [ 66.8501077122216, 39.29403564228209 ], [ 66.850194040320389, 39.293942066722963 ], [ 66.85104815849256, 39.293507835560092 ], [ 66.851646616134843, 39.292874211961411 ], [ 66.852903359217322, 39.292200745965125 ], [ 66.853137909337988, 39.291815726570285 ], [ 66.853562632804326, 39.291581223832182 ], [ 66.853837157955141, 39.291525743970752 ], [ 66.855106926609267, 39.290424202383981 ], [ 66.856058332326683, 39.289900887582156 ], [ 66.857144844662812, 39.289691546661324 ], [ 66.857628677274832, 39.289895186509241 ], [ 66.858145927215446, 39.289913332605572 ], [ 66.858457373124438, 39.2897416745177 ], [ 66.858574064279864, 39.289566400677465 ], [ 66.859187793281947, 39.289525797710226 ], [ 66.859502473125985, 39.289250336546949 ], [ 66.859686537927715, 39.288691206846011 ], [ 66.860448758446267, 39.288160092069397 ], [ 66.861295061275456, 39.287063642618598 ], [ 66.861798656823709, 39.286614281108903 ], [ 66.862274943587337, 39.286333107130453 ], [ 66.862619896656469, 39.285976006207143 ], [ 66.862675232877976, 39.285436179625776 ], [ 66.862451462540704, 39.284921518827801 ], [ 66.86235165971263, 39.283993770957075 ], [ 66.862636245994651, 39.283973050673936 ], [ 66.862869179147822, 39.284176081371655 ], [ 66.863158436669295, 39.284185746174437 ], [ 66.864386074336579, 39.283909707757054 ], [ 66.864906468380653, 39.283642359688571 ], [ 66.865645692027954, 39.283500167647411 ], [ 66.865934320728769, 39.283527076383443 ], [ 66.866725107673361, 39.283887735886694 ], [ 66.868192326026914, 39.284342955477044 ], [ 66.868966673801822, 39.284885224043485 ], [ 66.869338306834877, 39.28493097493709 ], [ 66.869622533790746, 39.285291001442644 ], [ 66.871663236621686, 39.285561958756688 ], [ 66.872349369835703, 39.2853322326335 ], [ 66.872707707802533, 39.285083454523118 ], [ 66.873776882653686, 39.285077057757363 ], [ 66.87396319324364, 39.285175651321069 ], [ 66.874074584338857, 39.285359418784822 ], [ 66.874471010873719, 39.286513047482153 ], [ 66.876529141021209, 39.28599005109875 ], [ 66.878622305464702, 39.28609364946945 ], [ 66.879277806127519, 39.285983654415794 ], [ 66.879730736693787, 39.286301958212775 ], [ 66.880042901255024, 39.286839761799833 ], [ 66.880603899149946, 39.287244832595803 ], [ 66.880778531641184, 39.287482965294956 ], [ 66.880839347585919, 39.288310270239016 ], [ 66.880631207934584, 39.28968111783788 ], [ 66.880909775504193, 39.290399034417419 ], [ 66.881407352340076, 39.291070084398385 ], [ 66.881803419548845, 39.291423683158527 ], [ 66.882083334591385, 39.291558559132177 ], [ 66.882415890909556, 39.291980010113832 ], [ 66.88286998928568, 39.292247882538661 ], [ 66.883438622860496, 39.292777436818803 ], [ 66.884023965099644, 39.293081944358931 ], [ 66.885479235859904, 39.292471885113613 ], [ 66.887563057824508, 39.291735705119422 ], [ 66.888151095009491, 39.29145510789315 ], [ 66.888515451688733, 39.291152818047294 ], [ 66.888585520280884, 39.290852334529156 ], [ 66.888304617091549, 39.28943124276369 ], [ 66.888260150484953, 39.289303315279902 ], [ 66.887872976597535, 39.289007134447708 ], [ 66.887910346513351, 39.288687660995521 ], [ 66.887696547475727, 39.288021802720074 ], [ 66.887957238571161, 39.287684664795954 ], [ 66.887986254154853, 39.287460229740816 ], [ 66.888334081832852, 39.28681751273524 ], [ 66.888468200304771, 39.285957789561401 ], [ 66.888866782796342, 39.285552502732592 ], [ 66.889161430209541, 39.285404543600983 ], [ 66.889708594049097, 39.285681062833248 ], [ 66.890295912581848, 39.285823319976281 ], [ 66.891122721969339, 39.286282072958954 ], [ 66.892075205665094, 39.285136436408258 ], [ 66.894461041228197, 39.283551203845988 ], [ 66.896337262530594, 39.282759095603247 ], [ 66.899294067288309, 39.282387722248082 ], [ 66.905289423494509, 39.283062395130202 ], [ 66.922656013893203, 39.284223223346721 ], [ 66.929059295069948, 39.2833461549153 ], [ 66.93429988677444, 39.283793242859176 ], [ 66.939032211691185, 39.283968948335307 ], [ 66.939142075650437, 39.283589863394035 ], [ 66.939384081787949, 39.283632972936843 ], [ 66.940338721440426, 39.283249992392044 ], [ 66.940561234136297, 39.283300402986477 ], [ 66.940687896591328, 39.283453581439083 ], [ 66.940625104352989, 39.284040565399351 ], [ 66.940896665063391, 39.284652992603128 ], [ 66.94072553600175, 39.285825475385337 ], [ 66.941355255015907, 39.286081064709087 ], [ 66.942078308988101, 39.286662047199343 ], [ 66.942181615245786, 39.286691249159929 ], [ 66.943035463923337, 39.286445952312349 ], [ 66.943129966691231, 39.286229509113966 ], [ 66.943038967352962, 39.285779307899865 ], [ 66.943587658328482, 39.285274383805742 ], [ 66.943730400627132, 39.285273201797928 ], [ 66.944345297439099, 39.28557808961839 ], [ 66.94482661476836, 39.285678837890302 ], [ 66.945330569642735, 39.285936930800894 ], [ 66.945549219582873, 39.285914611920276 ], [ 66.946059372832721, 39.28563204454256 ], [ 66.946895434867656, 39.285446191903155 ], [ 66.948068005808025, 39.285597696953886 ], [ 66.949628469288086, 39.286356677396043 ], [ 66.949689644558916, 39.286513534182632 ], [ 66.949609425004056, 39.287338278049297 ], [ 66.9497537842702, 39.287942680787509 ], [ 66.950872276630477, 39.288630301625084 ], [ 66.950970372659484, 39.288840132402697 ], [ 66.951003340830439, 39.289302967650528 ], [ 66.951099280902781, 39.289423038725552 ], [ 66.952356832468993, 39.289356711127645 ], [ 66.955789295169637, 39.288058165405985 ], [ 66.957694082898058, 39.287072959382527 ], [ 66.960240447402441, 39.286494552861427 ], [ 66.960571476584619, 39.286553304553181 ], [ 66.961077587415701, 39.28693286015266 ], [ 66.963000431281358, 39.287226963919728 ], [ 66.963495043676815, 39.287203254891104 ], [ 66.964244058960702, 39.287030686294528 ], [ 66.964604732547272, 39.287035761847584 ], [ 66.965356622440069, 39.28724796135181 ], [ 66.966568539589872, 39.288312773205782 ], [ 66.96739301335765, 39.28862008122325 ], [ 66.969778669257693, 39.288292193254158 ], [ 66.973187685929375, 39.28717433125594 ], [ 66.973783807951946, 39.287159730377851 ], [ 66.974920805607027, 39.287367132088974 ], [ 66.975319747424706, 39.287303236018836 ], [ 66.976134519387429, 39.286962896338686 ], [ 66.977164617523712, 39.286968319537586 ], [ 66.977668213072008, 39.286810281787744 ], [ 66.97974242306303, 39.28560367649483 ], [ 66.980184484014359, 39.285406420903918 ], [ 66.980720149418261, 39.285302473867489 ], [ 66.981916974871297, 39.285845638886002 ], [ 66.983050109770687, 39.285701852140527 ], [ 66.983560891841236, 39.285929213057948 ], [ 66.984255020061269, 39.285824432445494 ], [ 66.984844404719169, 39.286004791278948 ], [ 66.98575457776505, 39.286078909307903 ], [ 66.986083181495999, 39.286034549746539 ], [ 66.986378008572217, 39.285856207339229 ], [ 66.986999912243419, 39.286062917619759 ], [ 66.987238055625255, 39.28599199791514 ], [ 66.987575103519845, 39.28569010166327 ], [ 66.987633134687215, 39.285539292108517 ], [ 66.987553274458449, 39.285252690482984 ], [ 66.987915565012514, 39.284722383994449 ], [ 66.98670122241144, 39.284286565980068 ], [ 66.986407203818942, 39.284029996672146 ], [ 66.98634908282007, 39.283148545306545 ], [ 66.986540783301706, 39.282335642209922 ], [ 66.986482841965895, 39.281964822874933 ], [ 66.986677506887929, 39.281191262252264 ], [ 66.986528835708441, 39.280655292722919 ], [ 66.986817464409228, 39.280122170027099 ], [ 66.98689337205073, 39.279377724529759 ], [ 66.986477182579605, 39.278006397110005 ], [ 66.986468828247467, 39.277661700934594 ], [ 66.986675889920434, 39.277216868604675 ], [ 66.986578692206677, 39.276795050627079 ], [ 66.986740478789372, 39.276023727704448 ], [ 66.987151547863391, 39.275153858298829 ], [ 66.987888076564829, 39.274885225089449 ], [ 66.988090556829874, 39.274599901140363 ], [ 66.988263033364404, 39.274514088153381 ], [ 66.989722526206535, 39.274784808994212 ], [ 66.990466870250955, 39.274580499347799 ], [ 66.990778765317586, 39.274374450588404 ], [ 66.99083275406619, 39.274186551394045 ], [ 66.99110727921699, 39.273928832434429 ], [ 66.991469300276506, 39.273757621959362 ], [ 66.991674295824339, 39.273555326021295 ], [ 66.991845604549027, 39.273511097611888 ], [ 66.992282634934739, 39.273601710187961 ], [ 66.993129117426975, 39.27339162513374 ], [ 66.993505691194102, 39.273048853429856 ], [ 66.993744463396595, 39.272597941619061 ], [ 66.993980360990207, 39.272503781075137 ], [ 66.99421185683893, 39.272479510722448 ], [ 66.994720572784317, 39.272697804509612 ], [ 66.99552591243652, 39.272566299796019 ], [ 66.996117183556521, 39.272703020185915 ], [ 66.996542985001213, 39.272678193563223 ], [ 66.996817420320525, 39.272849128507055 ], [ 66.99729667152458, 39.272997044617064 ], [ 66.99754793030958, 39.273214710915326 ], [ 66.997928366832383, 39.27299280255145 ], [ 66.998055478445096, 39.27242867508533 ], [ 66.998478135786257, 39.272794607398545 ], [ 66.998930078205717, 39.272874094153508 ], [ 66.99937366629301, 39.27307806106586 ], [ 66.999410856545765, 39.272965472516312 ], [ 66.999295962020938, 39.272736887301264 ], [ 66.998888576039576, 39.272284304456583 ], [ 66.99888453362081, 39.272084090553797 ], [ 66.999075066292576, 39.271875948158119 ], [ 66.99902907255003, 39.271529622320635 ], [ 66.999135343248113, 39.27137850410459 ], [ 66.999160585907617, 39.271090036397965 ], [ 66.999294614547992, 39.270903519278583 ], [ 66.999279702514286, 39.270744680296353 ], [ 66.999447058651697, 39.270411492802602 ], [ 66.999494399867203, 39.270113980276541 ], [ 66.9998213866306, 39.269636274609006 ], [ 67.000173705885032, 39.268862508308999 ], [ 67.000310339639753, 39.268755407141377 ], [ 67.000691045657163, 39.268777036026727 ], [ 67.000761114249315, 39.268963280621833 ], [ 67.001013271349578, 39.269148829263202 ], [ 67.002113168583463, 39.26925078344243 ], [ 67.00278708470961, 39.269809929236963 ], [ 67.003680459259655, 39.269828984624496 ], [ 67.00387763946452, 39.269900337963847 ], [ 67.004603118887971, 39.270354605278406 ], [ 67.00489201708335, 39.27044640419436 ], [ 67.005476910164845, 39.270431243472601 ], [ 67.005395792294678, 39.270326648311965 ], [ 67.005442325026394, 39.27013880780774 ], [ 67.005674270032756, 39.269929268731836 ], [ 67.005974397169169, 39.269452952716662 ], [ 67.006222152524558, 39.269281592213666 ], [ 67.007640502526655, 39.269717503579457 ], [ 67.008175269615265, 39.269275402642201 ], [ 67.008676080386167, 39.269087628866046 ], [ 67.01052337593643, 39.270074548297131 ], [ 67.011050776839753, 39.270665121581473 ], [ 67.01130553905432, 39.270652116782927 ], [ 67.011461396756118, 39.270917567192285 ], [ 67.01153146534827, 39.271404443885935 ], [ 67.011885401570225, 39.27241636604046 ], [ 67.01186707593844, 39.272721935702059 ], [ 67.012270329669448, 39.273408523756238 ], [ 67.012861780452511, 39.273796286912336 ], [ 67.012655617094808, 39.274154771206597 ], [ 67.013393672932253, 39.274919299770488 ], [ 67.013569832559455, 39.275259002572469 ], [ 67.013936884184545, 39.275445090860508 ], [ 67.014473627566801, 39.27592505171971 ], [ 67.014725605004017, 39.27575391566188 ], [ 67.016074874560744, 39.275629648786563 ], [ 67.016977591589779, 39.273768261777697 ], [ 67.017144408738034, 39.273595451456622 ], [ 67.01712913737822, 39.273906787892237 ], [ 67.017376802902064, 39.274600179302212 ], [ 67.017584762890323, 39.275840422522705 ], [ 67.018069493817649, 39.277604541146594 ], [ 67.018088088944026, 39.277805017424107 ], [ 67.017920014154356, 39.278425217717462 ], [ 67.017975440207366, 39.279158199907599 ], [ 67.019811776311187, 39.278276200477954 ], [ 67.021139486301109, 39.277713436760813 ], [ 67.021580020116446, 39.277598213235358 ], [ 67.022126285640695, 39.277607461720855 ], [ 67.022827061393855, 39.277742086153523 ], [ 67.023693755979977, 39.278021138970331 ], [ 67.024863991300592, 39.278546837245457 ], [ 67.024902169700169, 39.278762956503186 ], [ 67.024769039375059, 39.279727627415205 ], [ 67.025687566753078, 39.280919245017131 ], [ 67.024696275837044, 39.281961624349705 ], [ 67.024925975055197, 39.282345585397756 ], [ 67.025368215669573, 39.28387028354166 ], [ 67.025140672408114, 39.284548696795518 ], [ 67.024736250867207, 39.285389177526632 ], [ 67.024661600867063, 39.285761716967414 ], [ 67.02460599515102, 39.286458606535824 ], [ 67.024764188472531, 39.286962896338686 ], [ 67.025972961518832, 39.288173441253036 ], [ 67.026685415370665, 39.289070264176132 ], [ 67.026851244372111, 39.289590247957186 ], [ 67.027701589620065, 39.290716831474995 ], [ 67.028191979933666, 39.291742309847287 ], [ 67.02832780520464, 39.291830256954277 ], [ 67.028580950451698, 39.291728474679736 ], [ 67.028901289682011, 39.292088813856623 ], [ 67.030487534810703, 39.293403344373949 ], [ 67.032866633009164, 39.295044665291826 ], [ 67.033117801962604, 39.295619108095138 ], [ 67.033473355152083, 39.295938549923939 ], [ 67.034254889449258, 39.297078031199447 ], [ 67.034543158823922, 39.297304729520782 ], [ 67.034823972181727, 39.297343450994376 ], [ 67.034923505515223, 39.29795687414002 ], [ 67.035265134817749, 39.298774531584939 ], [ 67.035410212736153, 39.299494440402206 ], [ 67.035373381809492, 39.299943163135666 ], [ 67.035602452206945, 39.300441725129332 ], [ 67.036696959549118, 39.301449543591517 ], [ 67.037365934941221, 39.301878998587938 ], [ 67.037865308407675, 39.301831451417975 ], [ 67.038265687529801, 39.301909097876212 ], [ 67.038528714244976, 39.302101163006832 ], [ 67.038862258709983, 39.302591020546608 ], [ 67.040119810276209, 39.303149622179554 ], [ 67.040920568520477, 39.303910775765281 ], [ 67.041032139278755, 39.304224201808452 ], [ 67.040819687714077, 39.30608985362548 ], [ 67.040858944091994, 39.306621249448689 ], [ 67.041796695417091, 39.306634942655947 ], [ 67.042122694033694, 39.306568700872099 ], [ 67.042764450472646, 39.307194971684744 ], [ 67.04293575919732, 39.30746264687852 ], [ 67.043606171893884, 39.307282968888138 ], [ 67.044085962087138, 39.307336351023963 ], [ 67.045028923640871, 39.30785821486328 ], [ 67.045486435615075, 39.30801314678569 ], [ 67.046206525146815, 39.308161197158157 ], [ 67.047163949576614, 39.308165923643756 ], [ 67.04843946744856, 39.308795307956323 ], [ 67.049286488929951, 39.30910030187421 ], [ 67.050850096513471, 39.309330367053967 ], [ 67.05269011570995, 39.310112652512601 ], [ 67.05408924176497, 39.31049103782744 ], [ 67.054873560839525, 39.310606068225695 ], [ 67.055186174558401, 39.310902088181749 ], [ 67.056418034307512, 39.311723695121351 ], [ 67.057377165536352, 39.312576985678525 ], [ 67.057777364995431, 39.313163169480127 ], [ 67.057960441650366, 39.313635713174087 ], [ 67.058103722938171, 39.314387717590378 ], [ 67.058546502541716, 39.315624615221893 ], [ 67.058784556091993, 39.315932915345677 ], [ 67.05972230741709, 39.316503920282379 ], [ 67.059882746526839, 39.316735837582769 ], [ 67.060125201822004, 39.317510395485037 ], [ 67.060234167465993, 39.318200088816596 ], [ 67.060184760125367, 39.319295772644701 ], [ 67.059455956935338, 39.319852642542656 ], [ 67.058888581001895, 39.32013701767319 ], [ 67.058479308558447, 39.320484354057477 ], [ 67.057612613972324, 39.322211142077109 ], [ 67.056631563850544, 39.323486886365856 ], [ 67.055892609697835, 39.324123498941312 ], [ 67.055183928770191, 39.324486589972302 ], [ 67.053544233882079, 39.325036538998738 ], [ 67.053095345734619, 39.325269887304209 ], [ 67.052547103916709, 39.326064363651128 ], [ 67.051733948921523, 39.32672513483837 ], [ 67.05138863652634, 39.327213986147193 ], [ 67.05093777208522, 39.327585677627361 ], [ 67.049993642721589, 39.327916647458331 ], [ 67.048946027437282, 39.328667595032421 ], [ 67.048766723706564, 39.328964997783054 ], [ 67.04883787027704, 39.329192287677373 ], [ 67.050209687547422, 39.33015772297545 ], [ 67.050395728642783, 39.330679138655341 ], [ 67.050369138510362, 39.331115710120642 ], [ 67.050476127860705, 39.331432974893154 ], [ 67.050948462037113, 39.332224671378469 ], [ 67.051509909089688, 39.333740084357061 ], [ 67.051637020702373, 39.333958326133953 ], [ 67.052133699222949, 39.33435263261552 ], [ 67.052915143688637, 39.335226074349478 ], [ 67.053051238454159, 39.335578963670962 ], [ 67.052824324013415, 39.33637075216982 ], [ 67.052429873772155, 39.337068110587175 ], [ 67.052253085324239, 39.337591211682536 ], [ 67.052516381534005, 39.338713618209091 ], [ 67.052361781473593, 39.340260154410402 ], [ 67.052157863904114, 39.340929892624288 ], [ 67.051712479186222, 39.341677782537467 ], [ 67.051774462940841, 39.341994721487417 ], [ 67.052167116551544, 39.342481103959493 ], [ 67.052174662399935, 39.34290349878961 ], [ 67.052344174494024, 39.343704235666877 ], [ 67.052282639897086, 39.344028320993466 ], [ 67.051858545251434, 39.34450517178356 ], [ 67.051064434540294, 39.345137146904001 ], [ 67.050883424010522, 39.345331038531974 ], [ 67.050856294888945, 39.345486998981777 ], [ 67.05120214627334, 39.346074782654028 ], [ 67.052160019860779, 39.346840193102324 ], [ 67.052219578164141, 39.34717662925943 ], [ 67.052082674914828, 39.348049146621143 ], [ 67.05241082948811, 39.348428854994509 ], [ 67.052799979669203, 39.348618013738111 ], [ 67.053530848984352, 39.348844961874498 ], [ 67.054132001572469, 39.348859966683953 ], [ 67.055268011080784, 39.34832520995721 ], [ 67.055728307832382, 39.348233443679888 ], [ 67.056496906389455, 39.347882841206385 ], [ 67.057169205548092, 39.347409486869452 ], [ 67.057517662046806, 39.347032412761067 ], [ 67.057692743695696, 39.346697434755612 ], [ 67.058003560783987, 39.346426505704464 ], [ 67.062224564641028, 39.345614962707835 ], [ 67.063046792620554, 39.345591759747734 ], [ 67.064056678662979, 39.345833723171282 ], [ 67.064343780227787, 39.346115283344311 ], [ 67.065194125475742, 39.348010036402535 ], [ 67.065720628063744, 39.348337436189439 ], [ 67.066633675718549, 39.348695330403586 ], [ 67.067617869943803, 39.349381451278518 ], [ 67.068123801111824, 39.349950585412273 ], [ 67.069016726504231, 39.350308124038278 ], [ 67.069957532101284, 39.350386064020469 ], [ 67.071421067362195, 39.351044174093822 ], [ 67.072063632284895, 39.351215959669801 ], [ 67.073395744019749, 39.351178726762335 ], [ 67.074724262493405, 39.351350442543307 ], [ 67.075107483793616, 39.351561752403256 ], [ 67.075564816104759, 39.352114128085049 ], [ 67.075929442278579, 39.352244163576337 ], [ 67.077669838310058, 39.351609474166843 ], [ 67.078354174893491, 39.351485967119359 ], [ 67.078840971945965, 39.351467003419486 ], [ 67.079588460093859, 39.351634411727531 ], [ 67.079904846736952, 39.351586689981019 ], [ 67.080384277604054, 39.350165581172192 ], [ 67.080298129168312, 39.349252521920711 ], [ 67.080434583259986, 39.349020990316284 ], [ 67.080711623693603, 39.348707417637378 ], [ 67.081067266714584, 39.348538890844495 ], [ 67.081606794874219, 39.348406347640257 ], [ 67.082571226163282, 39.348406069771649 ], [ 67.083223223396473, 39.348705611499142 ], [ 67.083611475262259, 39.349068574882082 ], [ 67.083727537596985, 39.349341021947303 ], [ 67.083311527788894, 39.350295342428652 ], [ 67.083398305045336, 39.350625787966301 ], [ 67.083793833264949, 39.350986240650322 ], [ 67.084914751076482, 39.351439912410783 ], [ 67.085461735252991, 39.351865240035565 ], [ 67.086005844820576, 39.3525732801006 ], [ 67.086640145242683, 39.352496037188935 ], [ 67.086936409623391, 39.352689561085285 ], [ 67.08721380938313, 39.353127384347232 ], [ 67.087680843499328, 39.353272213427836 ], [ 67.088358173223568, 39.353329728202453 ], [ 67.08881873946973, 39.353188233436406 ], [ 67.089331497833896, 39.352871484173193 ], [ 67.089819283033165, 39.352949699146677 ], [ 67.090061199339189, 39.352909966506786 ], [ 67.090762514081504, 39.352598495169239 ], [ 67.091251916248282, 39.352264794184904 ], [ 67.091455204997075, 39.351970685876175 ], [ 67.092241230870684, 39.351711516663954 ], [ 67.092707456503163, 39.351166223169592 ], [ 67.094356673533269, 39.350605782058473 ], [ 67.094802597240317, 39.350280893649668 ], [ 67.095230464810129, 39.350142310257553 ], [ 67.095282477265073, 39.349958365561143 ], [ 67.096208640323013, 39.34968147508625 ], [ 67.096834855907559, 39.349154296485239 ], [ 67.097734788159215, 39.348888656426489 ], [ 67.097972123057261, 39.348643299701024 ], [ 67.098195803562987, 39.348164115254193 ], [ 67.099246922276961, 39.3472232425245 ], [ 67.099451378835624, 39.347081596455794 ], [ 67.100330110846542, 39.346825257327886 ], [ 67.100678028356072, 39.346514592495808 ], [ 67.101047505432462, 39.346465755747438 ], [ 67.101518941293563, 39.346108336400818 ], [ 67.102103295385859, 39.345987251064791 ], [ 67.102307392618428, 39.345868041200312 ], [ 67.102372340813488, 39.345704648328372 ], [ 67.10263437938184, 39.345489083083407 ], [ 67.104872621743752, 39.345507006355064 ], [ 67.105974854597363, 39.345378139319202 ], [ 67.106438924273149, 39.34541113763941 ], [ 67.107083465489495, 39.346152518949665 ], [ 67.107282262661855, 39.346322996635791 ], [ 67.107623712301361, 39.346431507481071 ], [ 67.108385663325365, 39.346216430763384 ], [ 67.108938935708849, 39.346234770664353 ], [ 67.109472175661494, 39.346100139006609 ], [ 67.11034273300335, 39.345696659296365 ], [ 67.110565066036159, 39.345741536803523 ], [ 67.111106211163332, 39.34604366032378 ], [ 67.111791266398981, 39.346173637642394 ], [ 67.112842025786804, 39.345894717551261 ], [ 67.113756510746043, 39.345916739427089 ], [ 67.115709897331357, 39.346590869454118 ], [ 67.116162199076925, 39.346871662421279 ], [ 67.116770448355808, 39.347464505618596 ], [ 67.117051800702797, 39.347590103813054 ], [ 67.11745981550483, 39.347612264090507 ], [ 67.118958385061802, 39.347552660569633 ], [ 67.119559447818403, 39.347122582841614 ], [ 67.119991896796179, 39.346978296763169 ], [ 67.120540677603259, 39.346826021483864 ], [ 67.121532507508448, 39.346714107278288 ], [ 67.122212622010068, 39.346701463948946 ], [ 67.123155493732256, 39.346854503655322 ], [ 67.123748291988264, 39.347076733662639 ], [ 67.124148042289704, 39.347389618977161 ], [ 67.124562884287897, 39.34738336684201 ], [ 67.125287285733023, 39.347071801400723 ], [ 67.126374157395261, 39.346249220279894 ], [ 67.127158835795953, 39.345795098001126 ], [ 67.128609165822155, 39.345258928415738 ], [ 67.129646360649218, 39.345305751370567 ], [ 67.132892333096834, 39.346385449441193 ], [ 67.133715189897089, 39.346348352898367 ], [ 67.134243573557313, 39.346088397279757 ], [ 67.134445520223082, 39.345630871319713 ], [ 67.134510378586612, 39.344344832457836 ], [ 67.135008135983838, 39.34387305339466 ], [ 67.136268389682456, 39.343259893831458 ], [ 67.137545426605527, 39.342755591416655 ], [ 67.138691676908053, 39.341886690069011 ], [ 67.139223210061687, 39.341381892816962 ], [ 67.141560177273305, 39.339986143482307 ], [ 67.14266896962512, 39.339523432879247 ], [ 67.143986257361135, 39.338772742930971 ], [ 67.144464161092273, 39.338586336616935 ], [ 67.1462571939078, 39.338230676437313 ], [ 67.14729187794363, 39.337502901737025 ], [ 67.149753441485174, 39.336439814377798 ], [ 67.151229642991581, 39.335478912538065 ], [ 67.151661280790648, 39.335343281187228 ], [ 67.152030226064355, 39.33534849289213 ], [ 67.152394218925878, 39.335212595178852 ], [ 67.153152396127382, 39.334608252502825 ], [ 67.153785170311849, 39.334484994028465 ], [ 67.154760022058184, 39.334431354682934 ], [ 67.155948403347523, 39.333760511983016 ], [ 67.157006517242593, 39.333378158641288 ], [ 67.158034075841584, 39.333532895781168 ], [ 67.159355892883255, 39.333457223657391 ], [ 67.159983286159147, 39.333242865067639 ], [ 67.16114713355978, 39.333223902670987 ], [ 67.163084078280448, 39.332942923554292 ], [ 67.166289090246096, 39.333298109668327 ], [ 67.167282982683147, 39.332795401579268 ], [ 67.167760352815037, 39.332712437832491 ], [ 67.168171689587027, 39.332797419355963 ], [ 67.168524369964175, 39.332762327820568 ], [ 67.169264490130146, 39.332345502623369 ], [ 67.169861061310328, 39.332130243595486 ], [ 67.170734415107631, 39.332013933266644 ], [ 67.171660925813583, 39.332048809084235 ], [ 67.172576398919631, 39.332751282849237 ], [ 67.175298114567468, 39.336223247849247 ], [ 67.176316534605078, 39.337140854458987 ], [ 67.179171380577984, 39.338471421705307 ], [ 67.180363175465445, 39.338875915798305 ], [ 67.180925790327876, 39.338598842460463 ], [ 67.181410514068688, 39.338528525546934 ], [ 67.183567555915431, 39.338615516915105 ], [ 67.184548603342265, 39.337972082261039 ], [ 67.185434695250322, 39.338015862120358 ], [ 67.185953481310023, 39.337851683858879 ], [ 67.187117704206472, 39.337823121593225 ], [ 67.187955286190871, 39.337236455215631 ], [ 67.188381996730584, 39.336635602587485 ], [ 67.189374535406557, 39.335872235644985 ], [ 67.189565517235948, 39.335080790986616 ], [ 67.190135325807205, 39.334762506113719 ], [ 67.191360800331267, 39.334688086669793 ], [ 67.192005880536783, 39.334565730893225 ], [ 67.192738097324892, 39.334020512061592 ], [ 67.193128682115471, 39.333601117282569 ], [ 67.193617370121601, 39.333338756726178 ], [ 67.194282570792865, 39.333177766445687 ], [ 67.194650700396309, 39.332976614926899 ], [ 67.194863254368926, 39.332979945222561 ], [ 67.195330275908731, 39.332778659033089 ], [ 67.196370704670798, 39.332746419059127 ], [ 67.196994577449104, 39.332897134556404 ], [ 67.198133468752829, 39.332935828693479 ], [ 67.198960010442406, 39.333119465221529 ], [ 67.199684320259337, 39.333122875415079 ], [ 67.200280801607988, 39.33296494186763 ], [ 67.202106747797203, 39.332156226187472 ], [ 67.202942137892308, 39.331949870889318 ], [ 67.203340541619113, 39.331965636001158 ], [ 67.203846032612674, 39.331717020836521 ], [ 67.204994980555995, 39.331344730127213 ], [ 67.206195489101702, 39.330614934695689 ], [ 67.206867518765748, 39.329784933395381 ], [ 67.207602789825799, 39.328506316049243 ], [ 67.207839855229281, 39.328389438931964 ], [ 67.20808168170376, 39.328381725869207 ], [ 67.208572880501109, 39.328809139443223 ], [ 67.209277069852334, 39.329195970448502 ], [ 67.211672158062868, 39.329547153057526 ], [ 67.213572357196838, 39.329968161285763 ], [ 67.216017988218482, 39.32995468110142 ], [ 67.218216115413085, 39.330268829867563 ], [ 67.219476721251297, 39.330205042442657 ], [ 67.221573389124416, 39.32916650827373 ], [ 67.222552013794953, 39.328903356302838 ], [ 67.225519284824003, 39.328729090798369 ], [ 67.226613566689039, 39.32853279056534 ], [ 67.22730392198487, 39.328029564583773 ], [ 67.228214184862281, 39.326977378371147 ], [ 67.229290544439095, 39.326218768834998 ], [ 67.229999316994864, 39.325916976566695 ], [ 67.231105232941132, 39.325695026736078 ], [ 67.231324062544388, 39.325558131843188 ], [ 67.231728843411389, 39.325054189552937 ], [ 67.231972824944236, 39.324877261308067 ], [ 67.232550173075651, 39.324759341325127 ], [ 67.233603893310686, 39.324173181719182 ], [ 67.234890923991259, 39.324039968279969 ], [ 67.235408163152073, 39.323808702703772 ], [ 67.236325735620937, 39.323204248260652 ], [ 67.236791299195062, 39.3230663200059 ], [ 67.237270101241506, 39.323074172639522 ], [ 67.238320188689499, 39.323337545292176 ], [ 67.240537081690363, 39.323521491943275 ], [ 67.243963896682772, 39.323478059501717 ], [ 67.244667645859522, 39.323138737932922 ], [ 67.24517761136147, 39.323154227757136 ], [ 67.24556299041501, 39.323070208796949 ], [ 67.247061736041729, 39.322365969946205 ], [ 67.250922427434958, 39.320908063193919 ], [ 67.251047922080133, 39.320440155285624 ], [ 67.251285077315131, 39.320265166792041 ], [ 67.252328559450874, 39.320073703304395 ], [ 67.252562664905483, 39.320389561556553 ], [ 67.255870617514461, 39.31932245913552 ], [ 67.256675777503617, 39.318991796116414 ], [ 67.257061244592023, 39.318748975325235 ], [ 67.257694377204274, 39.317901667324911 ], [ 67.261156663972343, 39.317862540239375 ], [ 67.262340553685277, 39.31792939680922 ], [ 67.263415747248843, 39.318080275589999 ], [ 67.265329425603667, 39.318707824275734 ], [ 67.267509459830094, 39.318979286765938 ], [ 67.269098849062274, 39.318866980497305 ], [ 67.270288306533359, 39.318645004820048 ], [ 67.271688600398264, 39.318127806160952 ], [ 67.273258139557626, 39.317279324459143 ], [ 67.275104446062755, 39.316819096887507 ], [ 67.275600675425693, 39.316620400269251 ], [ 67.276192755029456, 39.316160039094378 ], [ 67.277509595404439, 39.314793115508976 ], [ 67.278100421858383, 39.314061343106317 ], [ 67.279992808344332, 39.312379736574592 ], [ 67.282015365206547, 39.311387227360051 ], [ 67.283215335661382, 39.311009334811594 ], [ 67.283713900644074, 39.310964507989468 ], [ 67.284072277238451, 39.311038679527115 ], [ 67.284418440338229, 39.311201371494342 ], [ 67.28505059288851, 39.311714798659324 ], [ 67.285592815994008, 39.311403352272116 ], [ 67.286640071952249, 39.311062296384314 ], [ 67.288744824662913, 39.313971266605414 ], [ 67.288866186159495, 39.315513068761021 ], [ 67.289894153491957, 39.316547036664808 ], [ 67.29050947520706, 39.317122665867274 ], [ 67.291519630744048, 39.317538611609251 ], [ 67.292623660228244, 39.317794154659083 ], [ 67.29350616516335, 39.317786579422979 ], [ 67.294699215895548, 39.317542215766572 ], [ 67.295098429004454, 39.317364727825492 ], [ 67.297298942124428, 39.315996160487877 ], [ 67.297822659935079, 39.315896636636992 ], [ 67.299276852717, 39.315889133474911 ], [ 67.300859145258457, 39.315411389724794 ], [ 67.302363375100001, 39.315393937592169 ], [ 67.305309579737354, 39.314701101577157 ], [ 67.306335726184713, 39.314564459000572 ], [ 67.308582770239795, 39.314426429613768 ], [ 67.309382989494864, 39.314313490526935 ], [ 67.312059430052372, 39.313693886077694 ], [ 67.315089267842666, 39.313405036632048 ], [ 67.316230123761912, 39.313171987915609 ], [ 67.317252416436716, 39.312758591978117 ], [ 67.318533796714178, 39.312734400906947 ], [ 67.320099082350652, 39.312500741111975 ], [ 67.32245742946607, 39.311966123276044 ], [ 67.323539180731217, 39.311474177429162 ], [ 67.325707167651373, 39.310038357664148 ], [ 67.326301771521074, 39.309319517864324 ], [ 67.32673224240861, 39.308275327794895 ], [ 67.326928698571351, 39.308026501220127 ], [ 67.327303301434725, 39.30791027591988 ], [ 67.328378494998276, 39.308333018606206 ], [ 67.329225336816606, 39.308128320271472 ], [ 67.331455669512451, 39.30735413602418 ], [ 67.332213852103848, 39.306996317243602 ], [ 67.332336651803161, 39.306854867709028 ], [ 67.332517662332904, 39.305895227592437 ], [ 67.332687264258567, 39.305755861118406 ], [ 67.33410292560302, 39.305812576008343 ], [ 67.335040490976866, 39.305474207925648 ], [ 67.335626551868202, 39.305372028426937 ], [ 67.337575626540158, 39.305555186810125 ], [ 67.339757273242526, 39.306817891293839 ], [ 67.341794115114382, 39.307557316489032 ], [ 67.343047714093373, 39.308310915385313 ], [ 67.344312190772129, 39.30839049598373 ], [ 67.345695049235673, 39.308279498216542 ], [ 67.345339496046208, 39.307945029607666 ], [ 67.345013677092666, 39.30726774663102 ], [ 67.344441450256667, 39.306409942763466 ], [ 67.343880542193261, 39.305074316833014 ], [ 67.343334905489712, 39.304057583614295 ], [ 67.343055080278717, 39.303363232601299 ], [ 67.342807414754873, 39.30130634499789 ], [ 67.34307376523661, 39.300637478560915 ], [ 67.343898867825089, 39.29946315830734 ], [ 67.344689115780511, 39.298801782034154 ], [ 67.346308329080145, 39.297762642596794 ], [ 67.347458262475357, 39.297301045070633 ], [ 67.348871671743382, 39.296294418223198 ], [ 67.349675484259592, 39.29504897554218 ], [ 67.351076856102821, 39.293581945648171 ], [ 67.354850588779911, 39.290997779280637 ], [ 67.355779356952127, 39.290249695026304 ], [ 67.356919588542254, 39.28922141375724 ], [ 67.358063952382707, 39.288016171021312 ], [ 67.358701935897471, 39.287033815060155 ], [ 67.358942414899076, 39.286488503867901 ], [ 67.358961908340717, 39.285656797045426 ], [ 67.358821052504169, 39.284858176768687 ], [ 67.357802542635042, 39.282631155931597 ], [ 67.35716285232121, 39.281737031888206 ], [ 67.356550919949655, 39.280630886124946 ], [ 67.356094665616865, 39.27871261217966 ], [ 67.356456417181789, 39.275903146883962 ], [ 67.357098802441456, 39.273752614985497 ], [ 67.357976186979442, 39.268365946970214 ], [ 67.358189536859427, 39.264771475159421 ], [ 67.357792661166911, 39.263896319285941 ], [ 67.359145883310916, 39.263842556274518 ], [ 67.359346027956221, 39.263560386727157 ], [ 67.359493531325853, 39.262702186488688 ], [ 67.359718289809948, 39.262419386377594 ], [ 67.360570341856942, 39.26232256915663 ], [ 67.362486538189486, 39.262372577493643 ], [ 67.363043942823282, 39.2620989570324 ], [ 67.363249926517923, 39.261859346981552 ], [ 67.363342273329152, 39.261607494721574 ], [ 67.363061280308258, 39.260178575953596 ], [ 67.362805799441446, 39.259514672466615 ], [ 67.362068102930152, 39.258532473282969 ], [ 67.361977732412555, 39.257525776134614 ], [ 67.361488150582701, 39.256745268106862 ], [ 67.36093469853617, 39.256165706929963 ], [ 67.360735092880049, 39.25564248399936 ], [ 67.360274526633873, 39.254889013860378 ], [ 67.359365701060923, 39.251778359676663 ], [ 67.358663937160983, 39.250044338577908 ], [ 67.357019660864921, 39.247624275486672 ], [ 67.356063763571086, 39.243909356511068 ], [ 67.355661228492281, 39.243209747887981 ], [ 67.355261927348494, 39.242759826841926 ], [ 67.355099332282052, 39.242676757757359 ], [ 67.353765513748186, 39.241012850750892 ], [ 67.352132017235547, 39.239801143174603 ], [ 67.350850300988171, 39.239128071483982 ], [ 67.349002556280283, 39.238323006921277 ], [ 67.345363570895813, 39.236253355109113 ], [ 67.342879369809111, 39.234447839139101 ], [ 67.342237433707083, 39.233677511410939 ], [ 67.342189822997042, 39.233058793864288 ], [ 67.345273559704353, 39.231366338317393 ], [ 67.346009908742772, 39.23102280445017 ], [ 67.349977318195059, 39.229751429220144 ], [ 67.350942468136338, 39.22935792518583 ], [ 67.352073536910567, 39.228683570347705 ], [ 67.353292191425012, 39.228152070347178 ], [ 67.355354004665116, 39.227579301176988 ], [ 67.356929649673447, 39.227353768989147 ], [ 67.358634472419652, 39.227448616461636 ], [ 67.361721353230479, 39.227810677938358 ], [ 67.371834496867564, 39.227474572497393 ], [ 67.37576812966519, 39.227635736301046 ], [ 67.377562783939808, 39.227784652440008 ], [ 67.378814945614351, 39.22776669901566 ], [ 67.379957872150342, 39.22755244054715 ], [ 67.381291331358071, 39.22696915873901 ], [ 67.383424381000211, 39.226255254734163 ], [ 67.384679776609758, 39.226095688297917 ], [ 67.387523034315549, 39.226170495983276 ], [ 67.388316067048365, 39.226323103414188 ], [ 67.389862786304576, 39.226362212059414 ], [ 67.394284383964532, 39.226086920136098 ], [ 67.39721199347548, 39.22545456576735 ], [ 67.397964871515086, 39.225376417032876 ], [ 67.399531084212953, 39.225557279376865 ], [ 67.403489151186321, 39.225646979689351 ], [ 67.404903009611999, 39.225524711663297 ], [ 67.407930601614069, 39.225495345036819 ], [ 67.409731633927194, 39.225360620261164 ], [ 67.409997535251307, 39.224673909586699 ], [ 67.410767481281283, 39.220807661557266 ], [ 67.410750323459368, 39.219550577053518 ], [ 67.410477684770655, 39.218520144877019 ], [ 67.409680250292951, 39.216544353618737 ], [ 67.40932793103849, 39.214894582044018 ], [ 67.410979753182957, 39.214420119381494 ], [ 67.41330288633921, 39.214327899113819 ], [ 67.415132395246843, 39.213927974951503 ], [ 67.416430640495463, 39.213874800039306 ], [ 67.418256466310424, 39.213634120417083 ], [ 67.419459759633511, 39.213756617956577 ], [ 67.422180397302981, 39.214200669745765 ], [ 67.422659379012472, 39.214154037479794 ], [ 67.423849377269335, 39.213851553402684 ], [ 67.427039115180207, 39.212655524446156 ], [ 67.428754268552169, 39.212271529684088 ], [ 67.432717994911798, 39.212077130230156 ], [ 67.437128722956828, 39.212242575127121 ], [ 67.438312792332852, 39.212205337878864 ], [ 67.438884659842728, 39.212071422826668 ], [ 67.440333462732937, 39.21138270286648 ], [ 67.441395091735728, 39.210706574447201 ], [ 67.44292779727347, 39.210337603537106 ], [ 67.446857746978452, 39.210637945030228 ], [ 67.447742587533298, 39.210590753566649 ], [ 67.448560862925603, 39.209757798133708 ], [ 67.44877385347948, 39.209388891843801 ], [ 67.450610099751742, 39.207625423401176 ], [ 67.451222121954814, 39.206695329965441 ], [ 67.452871249153418, 39.203088369317662 ], [ 67.454376466243474, 39.201886866495755 ], [ 67.455242172682787, 39.201421852935148 ], [ 67.45600726781025, 39.201182731739685 ], [ 67.45785546167582, 39.200941660551806 ], [ 67.465730901940148, 39.200780157011977 ], [ 67.466941381785489, 39.200565955408187 ], [ 67.467652577995949, 39.200292093842783 ], [ 67.469841413017235, 39.199028585505374 ], [ 67.470867558566283, 39.198918175377649 ], [ 67.471800458988824, 39.198912675751366 ], [ 67.472933414225167, 39.199122287785357 ], [ 67.474788525118427, 39.199606808725036 ], [ 67.47642229112563, 39.199805210731689 ], [ 67.478718384991851, 39.199888330563709 ], [ 67.482244541976613, 39.199898981590366 ], [ 67.483866629885142, 39.19958376621004 ], [ 67.487036515028194, 39.199235482200571 ], [ 67.488466812623599, 39.199377984381599 ], [ 67.489923161362185, 39.199361485609415 ], [ 67.491074082904206, 39.198739124032421 ], [ 67.491230210100582, 39.198470058847221 ], [ 67.492160415577303, 39.197938887034688 ], [ 67.492233179115317, 39.197727391819072 ], [ 67.49221458398894, 39.196470311824882 ], [ 67.491940507995736, 39.195457711512297 ], [ 67.491876008958343, 39.194217717475048 ], [ 67.49204426341106, 39.193795052107191 ], [ 67.492344480379032, 39.193586538112463 ], [ 67.493050286697724, 39.193560221444102 ], [ 67.493934947589537, 39.19367788054624 ], [ 67.494503940490503, 39.193667576680099 ], [ 67.494825717025279, 39.19351239191846 ], [ 67.495420311911843, 39.192298611080126 ], [ 67.495455885197103, 39.191697212990249 ], [ 67.495243164137818, 39.191004046223192 ], [ 67.494267144581613, 39.189840769473527 ], [ 67.494112005532045, 39.188581946989089 ], [ 67.494185847048385, 39.188317368599357 ], [ 67.495500261972111, 39.187484636429922 ], [ 67.496152798194501, 39.186749581951268 ], [ 67.496843602648013, 39.18528919799558 ], [ 67.497287729724448, 39.1847284732372 ], [ 67.498738419076801, 39.183897439306293 ], [ 67.499135025274725, 39.183792436582223 ], [ 67.500364010414913, 39.184467152943654 ], [ 67.501086794892529, 39.184706609546168 ], [ 67.503281289300091, 39.185265872269007 ], [ 67.504734044777592, 39.18540847241065 ], [ 67.507098051279286, 39.185155858290109 ], [ 67.509300450861346, 39.184599588769366 ], [ 67.511636340094654, 39.183850508399914 ], [ 67.515535208090782, 39.18232474946209 ], [ 67.518254228792756, 39.181739768936403 ], [ 67.519874699733776, 39.181477184141613 ], [ 67.520691807316226, 39.181558375938394 ], [ 67.521551764537719, 39.181764001055761 ], [ 67.522585994924313, 39.182343619720584 ], [ 67.523690563397679, 39.182817881269536 ], [ 67.524978208525937, 39.183241308969457 ], [ 67.525953778924475, 39.183359890550285 ], [ 67.52732263175443, 39.183164784402145 ], [ 67.530136963708046, 39.1823682694233 ], [ 67.532237763831475, 39.181969904100896 ], [ 67.537868044706215, 39.181385756216997 ], [ 67.539018966248236, 39.181824999112365 ], [ 67.540061640798513, 39.181997408858379 ], [ 67.543290275761166, 39.182055551791223 ], [ 67.550984615664234, 39.181744364683802 ], [ 67.551911497374405, 39.182021431992133 ], [ 67.555287276380582, 39.183780460134237 ], [ 67.555897322290022, 39.183982736496539 ], [ 67.557077618741843, 39.184103544992965 ], [ 67.558828974219765, 39.184107583544282 ], [ 67.560355122055924, 39.184002511503799 ], [ 67.562577913394975, 39.184313201204859 ], [ 67.563862594082792, 39.184895514397276 ], [ 67.564519172723962, 39.185045217475675 ], [ 67.570482279411465, 39.18487072632194 ], [ 67.571318341446386, 39.185146527982745 ], [ 67.572405572434789, 39.185372265370859 ], [ 67.573268314433633, 39.185453661555343 ], [ 67.574282692052449, 39.185908615054345 ], [ 67.579187942661378, 39.187437847172461 ], [ 67.583205388275047, 39.189009169359892 ], [ 67.58536736366932, 39.190097613835803 ], [ 67.58608592606511, 39.189433604137044 ], [ 67.586840960061394, 39.18921268392743 ], [ 67.587789760664478, 39.188409831897204 ], [ 67.589885440390788, 39.18712529134848 ], [ 67.591169222763341, 39.18662745507644 ], [ 67.592220970297987, 39.186356881324222 ], [ 67.595069617895462, 39.186090344967788 ], [ 67.595709218377749, 39.185956449755309 ], [ 67.596237158270227, 39.185714978181281 ], [ 67.596516085165945, 39.185417384909904 ], [ 67.597194313205463, 39.183336703445413 ], [ 67.597659371028044, 39.182828883041076 ], [ 67.598443779934144, 39.18227189878494 ], [ 67.599523105748005, 39.181753765075321 ], [ 67.60397839023112, 39.180745130713611 ], [ 67.608772968397062, 39.179828817197411 ], [ 67.609596094691895, 39.179608493509996 ], [ 67.610445092466932, 39.179229192548078 ], [ 67.610987764730069, 39.178747525425251 ], [ 67.611723844273882, 39.176659891692779 ], [ 67.612359761663512, 39.175552227771291 ], [ 67.612896325382707, 39.174868163812171 ], [ 67.613520654505166, 39.174344543626979 ], [ 67.614967031944119, 39.173653643145357 ], [ 67.622789920764333, 39.171356581795436 ], [ 67.624556817096689, 39.170545377516703 ], [ 67.625018820647298, 39.170179120733074 ], [ 67.625436716917477, 39.169741476545354 ], [ 67.626074341106147, 39.168527494143525 ], [ 67.625904110359812, 39.167923663987608 ], [ 67.625841407952976, 39.16413452884197 ], [ 67.625317510479277, 39.157171276285474 ], [ 67.625322361381805, 39.155755137893451 ], [ 67.625488010720204, 39.154252383972704 ], [ 67.625836557050448, 39.152698675568928 ], [ 67.626803952779895, 39.15088669225846 ], [ 67.628174242914312, 39.149398115604839 ], [ 67.632126560669846, 39.146063402936299 ], [ 67.634977094729408, 39.144432807682193 ], [ 67.636648949304686, 39.143961213403486 ], [ 67.639679419508937, 39.14346046237538 ], [ 67.643388516604659, 39.143273568383201 ], [ 67.644368878616959, 39.143125654005921 ], [ 67.648825603099468, 39.143071197219228 ], [ 67.650983754365583, 39.143149307229045 ], [ 67.656532778131307, 39.143036385485701 ], [ 67.658031487825454, 39.143124464029121 ], [ 67.65998040439392, 39.143447833910145 ], [ 67.663292704848857, 39.143804524129088 ], [ 67.676847556647502, 39.145924209192245 ], [ 67.68161574410702, 39.146243790919833 ], [ 67.680239895197616, 39.139572019123946 ], [ 67.679538593031722, 39.135740297867443 ], [ 67.679131935584081, 39.134390285345731 ], [ 67.676478858410476, 39.120693705989787 ], [ 67.675766654290314, 39.117463721095973 ], [ 67.675720365002007, 39.116294816135785 ], [ 67.675939748865758, 39.115500685280161 ], [ 67.677768328915406, 39.113715763203288 ], [ 67.677775276485818, 39.113344084875109 ], [ 67.67757808639945, 39.112952387266773 ], [ 67.676703978915612, 39.11230516937708 ], [ 67.673672832279991, 39.110358821082087 ], [ 67.67313756482973, 39.109821647909634 ], [ 67.672806761124662, 39.109286799461941 ], [ 67.672589549387297, 39.108753244161328 ], [ 67.672586090873438, 39.107726444861903 ], [ 67.672827202288971, 39.10698567540252 ], [ 67.673926728518637, 39.105298725201031 ], [ 67.67412404436908, 39.104468940451206 ], [ 67.674209432830111, 39.103549367972349 ], [ 67.674045285474904, 39.102609254351101 ], [ 67.673587173426071, 39.101594985488205 ], [ 67.672526402314389, 39.100007364404242 ], [ 67.671794097491414, 39.099078478450572 ], [ 67.671468999885036, 39.098242743493948 ], [ 67.671370712514843, 39.097427296441111 ], [ 67.671584641808181, 39.095712564385117 ], [ 67.671576212017555, 39.094951248154096 ], [ 67.671250469420798, 39.094150910931312 ], [ 67.670425397375055, 39.093327174952329 ], [ 67.670115739113484, 39.092881074096347 ], [ 67.669944681917087, 39.092312633114993 ], [ 67.669781510132239, 39.090115626314009 ], [ 67.669502894951904, 39.089227307312903 ], [ 67.668628736264111, 39.087393938851129 ], [ 67.668264296939853, 39.086239094208949 ], [ 67.668120568291016, 39.084219330941096 ], [ 67.668154262300718, 39.083635524260927 ], [ 67.668032322289079, 39.082872912460189 ], [ 67.669685878182037, 39.080696640853404 ], [ 67.67063618256492, 39.079680717216561 ], [ 67.672203252255557, 39.076051792504821 ], [ 67.673534322842968, 39.074101927156342 ], [ 67.673730884108579, 39.073307534392271 ], [ 67.673586192465763, 39.072544665893666 ], [ 67.673391783563559, 39.072011368860608 ], [ 67.671703999163356, 39.069974028210652 ], [ 67.671220095584431, 39.069136480262564 ], [ 67.67089122235889, 39.066087840424764 ], [ 67.671002616149096, 39.06499153322634 ], [ 67.671223537928583, 39.064108907432221 ], [ 67.673667296861211, 39.060932508945783 ], [ 67.67486831564996, 39.059848585173192 ], [ 67.67610544042499, 39.059260738308758 ], [ 67.677358310870275, 39.059044818886157 ], [ 67.679447824560484, 39.059015393191423 ], [ 67.680563154850944, 39.058868693521546 ], [ 67.681867002891963, 39.058352350948759 ], [ 67.682675687870301, 39.057600265423439 ], [ 67.683355054973589, 39.056474951436876 ], [ 67.683532695922722, 39.055467893367812 ], [ 67.683530044994313, 39.054387985411637 ], [ 67.683321454388732, 39.05339426629056 ], [ 67.682571377296142, 39.052217399835911 ], [ 67.68141077101707, 39.051142107836291 ], [ 67.680022554102834, 39.050099633310843 ], [ 67.680211389857021, 39.049712307366065 ], [ 67.681809496340748, 39.048013198850413 ], [ 67.683435807229444, 39.046013435483687 ], [ 67.683616044309701, 39.044864779495974 ], [ 67.683171967538897, 39.044328677270151 ], [ 67.682411788890988, 39.043700487025596 ], [ 67.68012573908797, 39.04211677834865 ], [ 67.679413309490641, 39.041365188328633 ], [ 67.67855126188951, 39.040116217312764 ], [ 67.67849702610421, 39.039372078038355 ], [ 67.678600335056842, 39.038700537099309 ], [ 67.678838492811693, 39.038101334911119 ], [ 67.679165445439139, 39.037609355283927 ], [ 67.679220721473513, 39.037078893086154 ], [ 67.678949097881059, 39.035818905988435 ], [ 67.679211582013806, 39.035131463172831 ], [ 67.681415842905139, 39.032554069262588 ], [ 67.682411360394596, 39.031503141380114 ], [ 67.684551579491, 39.028694821360212 ], [ 67.685344741581247, 39.027535367205317 ], [ 67.685253583241163, 39.026330536490853 ], [ 67.684935522138375, 39.025123146374362 ], [ 67.683289230022851, 39.02211276448184 ], [ 67.682586865149958, 39.02010499009674 ], [ 67.681264500135995, 39.019870701614792 ], [ 67.680705747130929, 39.019848794412447 ], [ 67.679833300632041, 39.019977484908878 ], [ 67.67931189508495, 39.020194641826158 ], [ 67.678858152441677, 39.020193862944282 ], [ 67.678120393048275, 39.019801258642381 ], [ 67.676631886419131, 39.019234329831299 ], [ 67.675425549603887, 39.018475427006877 ], [ 67.675028574198365, 39.018087548710426 ], [ 67.674479507727014, 39.016962867178044 ], [ 67.673096382463868, 39.016033754253804 ], [ 67.672360762857465, 39.015662218736686 ], [ 67.670223402200278, 39.015311531758059 ], [ 67.669585667518845, 39.015100910321337 ], [ 67.668203380383815, 39.014809699302418 ], [ 67.666566261863949, 39.014224744181291 ], [ 67.664678746941789, 39.013134133749823 ], [ 67.664188507545134, 39.012933048809096 ], [ 67.663630747178516, 39.012493867929471 ], [ 67.662820646455259, 39.011604681663833 ], [ 67.66241666508887, 39.010779962752238 ], [ 67.660266728916, 39.00852458914536 ], [ 67.657775386222823, 39.006836991005358 ], [ 67.654661634106887, 39.005343749132876 ], [ 67.653582280445221, 39.004920218709458 ], [ 67.649937093092092, 39.004308729469443 ], [ 67.647505434466325, 39.003435446071542 ], [ 67.64616912400588, 39.003165287517781 ], [ 67.644350104725802, 39.002480693721957 ], [ 67.643749532449363, 39.002382633277797 ], [ 67.643003895729251, 39.002570251910598 ], [ 67.641019464266009, 39.003610790251351 ], [ 67.640064994395175, 39.003782150026879 ], [ 67.639354557261157, 39.003818939085022 ], [ 67.637351700453124, 39.003567688983608 ], [ 67.63523643835191, 39.003555009630269 ], [ 67.635872715067677, 39.005230747667802 ], [ 67.636260068618199, 39.005800301080711 ], [ 67.636528305562038, 39.006395189453833 ], [ 67.636597924996551, 39.006636159006895 ], [ 67.636453386067345, 39.006888715438471 ], [ 67.636008075909643, 39.007160188164924 ], [ 67.634314406645998, 39.007551442821573 ], [ 67.632792120667233, 39.008051382731828 ], [ 67.63069006469901, 39.009326208623236 ], [ 67.629011205959472, 39.010530441935153 ], [ 67.626862433104904, 39.012309247004971 ], [ 67.62650874841124, 39.012891881781322 ], [ 67.625818232316959, 39.012693077205462 ], [ 67.623241060089939, 39.011566871281197 ], [ 67.621705894964904, 39.011034661249212 ], [ 67.620605936645617, 39.010129217852494 ], [ 67.620118605993852, 39.009824885128481 ], [ 67.619443436717901, 39.009185623832188 ], [ 67.619144826835964, 39.008509648338929 ], [ 67.618598832602927, 39.007885249782923 ], [ 67.616378018455833, 39.006145422109917 ], [ 67.615470986818522, 39.005662637669708 ], [ 67.614691191659716, 39.003739663876608 ], [ 67.613380961986906, 39.001347547254177 ], [ 67.61194770444267, 39.000215073078344 ], [ 67.611259401797241, 38.999985671181392 ], [ 67.607145400765305, 38.999037755855234 ], [ 67.606749782714175, 38.99783346652081 ], [ 67.606244209973966, 38.996635721444235 ], [ 67.605770440289731, 38.995852666139832 ], [ 67.604607660087652, 38.99448034361248 ], [ 67.601091403435632, 38.992391261011448 ], [ 67.600392854606085, 38.992180370942329 ], [ 67.597839303579462, 38.992102942698466 ], [ 67.596040067896908, 38.992237136612665 ], [ 67.594596477930253, 38.992554668981505 ], [ 67.593248379776639, 38.993091445271197 ], [ 67.591325203534353, 38.993434324976946 ], [ 67.589002930065803, 38.9932660631369 ], [ 67.588044522879045, 38.993377495335409 ], [ 67.586068543664339, 38.994565590918327 ], [ 67.584407727587262, 38.995763671942605 ], [ 67.583294051993576, 38.996351501855393 ], [ 67.581348929010545, 38.997187749281487 ], [ 67.577576005715585, 38.99817618432099 ], [ 67.575951222861192, 38.998061340182993 ], [ 67.574897678695962, 38.998134156275107 ], [ 67.574399383207876, 38.998293192503382 ], [ 67.573852219368305, 38.998501516855079 ], [ 67.571798508033751, 38.999576122869144 ], [ 67.570986855021729, 39.00063906031307 ], [ 67.570663838811853, 39.000789883181895 ], [ 67.57006774194214, 39.000824639491938 ], [ 67.568913428361611, 39.000621989285612 ], [ 67.565816075889543, 38.999029237951198 ], [ 67.565482725460626, 38.998928551235245 ], [ 67.563412939672375, 38.998806494501423 ], [ 67.561944866122673, 38.998941065960317 ], [ 67.561462828344574, 38.999084674471284 ], [ 67.560782720131186, 38.999543618102223 ], [ 67.560586706837881, 38.999759317250351 ], [ 67.56003819822034, 39.000029841361503 ], [ 67.558878884616931, 39.000098083432739 ], [ 67.557986795556062, 39.000378370830902 ], [ 67.557622626624692, 39.000616909793713 ], [ 67.556925444132688, 39.001519568034219 ], [ 67.556542133000974, 39.002208107718047 ], [ 67.556520573434142, 39.002776428895821 ], [ 67.557069623735799, 39.003266140632803 ], [ 67.557816303399974, 39.004350265890302 ], [ 67.558350535092686, 39.006062704571391 ], [ 67.554327426499484, 39.007041100488834 ], [ 67.553057661438658, 39.008606529681884 ], [ 67.552100143584056, 39.009054185783533 ], [ 67.550412365472042, 39.009570684156849 ], [ 67.547759299976562, 39.009934927310859 ], [ 67.547521144018333, 39.008888221322117 ], [ 67.547113955666333, 39.007808255456261 ], [ 67.546366392059923, 39.006287853029761 ], [ 67.545981181889715, 39.00579388586435 ], [ 67.544729825105676, 39.004795296942035 ], [ 67.544135680275048, 39.0045619929857 ], [ 67.542904175360462, 39.00425064573416 ], [ 67.542463376542131, 39.003840106397433 ], [ 67.541965534703237, 39.001832109195178 ], [ 67.541993377985463, 39.00047714683086 ], [ 67.542204382364261, 38.999436014371533 ], [ 67.541984574495686, 38.998958096901639 ], [ 67.541074279278945, 38.998082157354908 ], [ 67.539573123472294, 38.997300041009346 ], [ 67.538223508064135, 38.996917077466236 ], [ 67.537752582446117, 38.996615159371707 ], [ 67.537742819555618, 38.996506004072707 ], [ 67.537551046310469, 38.996319762185053 ], [ 67.536726465643156, 38.996032163623148 ], [ 67.536523111317351, 38.995827063101096 ], [ 67.536357258061372, 38.995155128034305 ], [ 67.536120731647088, 38.994815677016639 ], [ 67.536000984423069, 38.99442784141435 ], [ 67.535929067996378, 38.993461061339985 ], [ 67.535723802055628, 38.99295998220763 ], [ 67.535717744715683, 38.992673299986357 ], [ 67.53583641575797, 38.99233823570983 ], [ 67.535578149215482, 38.991699451763907 ], [ 67.535422205275424, 38.99093414483864 ], [ 67.535004574906566, 38.990372781932514 ], [ 67.534517593699462, 38.989790251443523 ], [ 67.531299514839731, 38.988067323069494 ], [ 67.530217421316436, 38.987305933140654 ], [ 67.528902947103902, 38.98716474878654 ], [ 67.528149804061286, 38.986905982225331 ], [ 67.524985215385129, 38.987426872965848 ], [ 67.523219035010101, 38.987412280318345 ], [ 67.521496518147728, 38.98769423300088 ], [ 67.518078433881527, 38.987160152215075 ], [ 67.517000040518923, 38.98642051019069 ], [ 67.515619324537369, 38.985056990102258 ], [ 67.515381673432302, 38.984776672044902 ], [ 67.515169229952463, 38.984054258904543 ], [ 67.514886175298003, 38.983464913524067 ], [ 67.514079938228846, 38.982311198687775 ], [ 67.513626461486865, 38.981853665599488 ], [ 67.512296954866372, 38.980911373211704 ], [ 67.511585225954974, 38.980589177646166 ], [ 67.510919844722352, 38.980432683305374 ], [ 67.507389588724962, 38.979842331524928 ], [ 67.506423333855892, 38.979759855583453 ], [ 67.505931258302809, 38.979337623151864 ], [ 67.505202516198239, 38.978306353758292 ], [ 67.504417119145344, 38.977880366761987 ], [ 67.503990419385403, 38.97776583816281 ], [ 67.503430948626431, 38.977797612690487 ], [ 67.502106742066104, 38.978131140317508 ], [ 67.501230166011879, 38.978057535472949 ], [ 67.500618865155985, 38.97761038858804 ], [ 67.498966011745594, 38.976870977808531 ], [ 67.497273652225644, 38.976774416853829 ], [ 67.49646721573049, 38.976781169211307 ], [ 67.496034127152214, 38.976876841855379 ], [ 67.495067675552122, 38.977277199999449 ], [ 67.494679652756716, 38.977622275082467 ], [ 67.494236697981677, 38.978254138451049 ], [ 67.492449493435714, 38.978488129711586 ], [ 67.489701551473161, 38.979038298380885 ], [ 67.4887419665951, 38.979487020048687 ], [ 67.485008787463229, 38.980845280894691 ], [ 67.485042583880855, 38.980196108411405 ], [ 67.48485486652919, 38.978420880086581 ], [ 67.484346509909912, 38.977367433958342 ], [ 67.483915330251619, 38.975779064557415 ], [ 67.484142367761578, 38.975146424168408 ], [ 67.484659753347785, 38.974354359532292 ], [ 67.485068311630599, 38.973892424821713 ], [ 67.484980460887385, 38.973649315664538 ], [ 67.48434279178295, 38.973066190117983 ], [ 67.483423197206392, 38.972373502693927 ], [ 67.482878306104496, 38.972190384789855 ], [ 67.482756339143407, 38.972014323027487 ], [ 67.482497696206806, 38.970948518238089 ], [ 67.482527657716503, 38.970106133220838 ], [ 67.483011103154638, 38.969240039214824 ], [ 67.483479278131256, 38.968621442446896 ], [ 67.483788114434333, 38.967881670312266 ], [ 67.48415703006367, 38.967251572958972 ], [ 67.485392349224924, 38.966403022728521 ], [ 67.484820003811336, 38.965367314126304 ], [ 67.484844527818595, 38.964954928792324 ], [ 67.485258608943766, 38.964718839315246 ], [ 67.485802327744182, 38.964017089938757 ], [ 67.487076388548729, 38.961813713487842 ], [ 67.487637847279387, 38.959993683249408 ], [ 67.48776891147935, 38.959364456647478 ], [ 67.487743219662235, 38.959072822751665 ], [ 67.487086910515643, 38.958503452134437 ], [ 67.483911815143927, 38.956756473542406 ], [ 67.483108811111435, 38.956052752215669 ], [ 67.482438757741022, 38.955662398321493 ], [ 67.481633597751866, 38.95505995817053 ], [ 67.480498217064266, 38.954507740152181 ], [ 67.479586337219374, 38.954231035741977 ], [ 67.478776955148362, 38.953831031445766 ], [ 67.479532528133831, 38.953015228050845 ], [ 67.480282711227616, 38.951521706477912 ], [ 67.480825832648407, 38.950843292603494 ], [ 67.481375332107689, 38.948934323653944 ], [ 67.481405246006659, 38.94846736071495 ], [ 67.481322780663547, 38.948031693535455 ], [ 67.481370481205161, 38.946824931769655 ], [ 67.481276786921029, 38.946446753429832 ], [ 67.481009448292454, 38.945982149530145 ], [ 67.48121552181864, 38.945670129623153 ], [ 67.481605300820434, 38.945355872627815 ], [ 67.481912255152992, 38.94443139844126 ], [ 67.482116532048622, 38.943273483106452 ], [ 67.481919531506819, 38.942034011354608 ], [ 67.482065956898111, 38.94152801558689 ], [ 67.482052572000399, 38.940657082351869 ], [ 67.481921956958075, 38.940141294785739 ], [ 67.481303017727299, 38.938952355916896 ], [ 67.482861235419151, 38.93846946608452 ], [ 67.483491583254022, 38.937720564597491 ], [ 67.48399760425356, 38.937466992783087 ], [ 67.484307433195028, 38.93753022860561 ], [ 67.485938953414063, 38.938226936901813 ], [ 67.486066783678993, 38.938090474568291 ], [ 67.486418563944255, 38.937290840542495 ], [ 67.486878321706669, 38.93666623373209 ], [ 67.487005792645505, 38.936329856334318 ], [ 67.487039479468649, 38.934649412821493 ], [ 67.487271065148875, 38.934359494031114 ], [ 67.488422795174657, 38.933847923180743 ], [ 67.489793893792793, 38.933434107808473 ], [ 67.492241623278971, 38.933224334216931 ], [ 67.493400360163974, 38.93303985592884 ], [ 67.494222318648937, 38.932746716146866 ], [ 67.495259513475986, 38.931990486781288 ], [ 67.496587762455093, 38.931428096233397 ], [ 67.497518776415561, 38.931256261552058 ], [ 67.497867053251198, 38.931103433854595 ], [ 67.49816134133826, 38.930861089121478 ], [ 67.498665026718072, 38.930244392114332 ], [ 67.499602508548577, 38.929483803401354 ], [ 67.49995213285716, 38.928790363567288 ], [ 67.500621826901479, 38.928054358133473 ], [ 67.501434981896665, 38.926659616673092 ], [ 67.501508014929257, 38.92650475241642 ], [ 67.501312900849555, 38.925824561675824 ], [ 67.501322063665455, 38.925388545707847 ], [ 67.502197561741355, 38.92386250366043 ], [ 67.502557157349571, 38.92346484397126 ], [ 67.502532992668449, 38.921959657402702 ], [ 67.502877047422231, 38.921527880945781 ], [ 67.503597586111653, 38.921024604358813 ], [ 67.503935711984596, 38.920592752321184 ], [ 67.503918823657258, 38.919969396282404 ], [ 67.504147175402466, 38.919543897951591 ], [ 67.503903103139791, 38.917870814893028 ], [ 67.503580428289709, 38.917284059277392 ], [ 67.50332602540125, 38.91705641496457 ], [ 67.502279847421391, 38.916737697720919 ], [ 67.501229267696587, 38.91653102000641 ], [ 67.499666109270706, 38.916616850391783 ], [ 67.499198625996854, 38.916536611565647 ], [ 67.498770219437844, 38.916172250667529 ], [ 67.498535489654131, 38.915767348668162 ], [ 67.498445388631112, 38.915308135422571 ], [ 67.498956979185408, 38.914501534492025 ], [ 67.499358166791296, 38.9141951775077 ], [ 67.50023591065542, 38.913801377881001 ], [ 67.502902829070905, 38.913281061356471 ], [ 67.50457728876053, 38.912352254725377 ], [ 67.505497073779907, 38.911281330066906 ], [ 67.505465363250408, 38.910891428675477 ], [ 67.505262254164663, 38.910592815046449 ], [ 67.505215541769871, 38.909969091562424 ], [ 67.505085465716718, 38.909515642616896 ], [ 67.505285430698976, 38.909011931327846 ], [ 67.506328644238422, 38.908230773320739 ], [ 67.506751301579598, 38.908041476645764 ], [ 67.507620062290883, 38.907022844955677 ], [ 67.509173429080164, 38.905964632487397 ], [ 67.509757873004034, 38.905377009477661 ], [ 67.509845638407299, 38.904996512945438 ], [ 67.509627976613942, 38.904440689341236 ], [ 67.509219153328132, 38.90396812050993 ], [ 67.508256069512058, 38.903309315162232 ], [ 67.506734862409914, 38.902643303160374 ], [ 67.50552330458622, 38.90242532915498 ], [ 67.504982788279747, 38.902527465229923 ], [ 67.504607112827927, 38.902382405394491 ], [ 67.504337169085076, 38.901942749943188 ], [ 67.503969308976195, 38.900948848742466 ], [ 67.503899869204773, 38.900457241064707 ], [ 67.503988083765634, 38.899578183243094 ], [ 67.504144929614256, 38.89922967512161 ], [ 67.50448943352572, 38.898961424074557 ], [ 67.504851005427582, 38.898833695112017 ], [ 67.505196317822779, 38.898526501472027 ], [ 67.506538131362689, 38.89728184327199 ], [ 67.506675573601157, 38.896909693015232 ], [ 67.506677460063258, 38.896341151604069 ], [ 67.506457372818645, 38.895426945369273 ], [ 67.506648534311097, 38.89439345027349 ], [ 67.507026904708781, 38.892505475570694 ], [ 67.508016129499651, 38.888576805930441 ], [ 67.508685284554772, 38.888032321098208 ], [ 67.50882569123371, 38.887512235246476 ], [ 67.508655370655831, 38.887081647708783 ], [ 67.508643512894068, 38.885741761185379 ], [ 67.508786165361187, 38.884637500045507 ], [ 67.509228855133202, 38.883482524662661 ], [ 67.509726791295193, 38.883121280702312 ], [ 67.510202269575089, 38.883064989133892 ], [ 67.510666968071561, 38.882572418525605 ], [ 67.512052439734262, 38.882085368846852 ], [ 67.513273070542311, 38.881278390458604 ], [ 67.515086319943308, 38.880728115451177 ], [ 67.516040779932695, 38.880833779212459 ], [ 67.516969188778816, 38.880468535775456 ], [ 67.517207601655244, 38.880309584713935 ], [ 67.517336599730029, 38.880049513996404 ], [ 67.517381245999644, 38.879243071936401 ], [ 67.517666730596957, 38.878741943166773 ], [ 67.518315673558192, 38.878204935640809 ], [ 67.518787648408463, 38.877933668022663 ], [ 67.519626585052308, 38.87764827295031 ], [ 67.521178334874108, 38.877786390042189 ], [ 67.521598656595529, 38.877311895517479 ], [ 67.52174445316615, 38.876818305957258 ], [ 67.522437862733952, 38.876440733504779 ], [ 67.524486111413282, 38.875690827684465 ], [ 67.52506229083653, 38.875392765372538 ], [ 67.527407342885724, 38.87522841795073 ], [ 67.527608655340899, 38.875033858086063 ], [ 67.52780709318715, 38.874495843437309 ], [ 67.528749515751727, 38.873831589393937 ], [ 67.529656814188684, 38.873515895203305 ], [ 67.530077046078574, 38.873237615975704 ], [ 67.530690325923047, 38.873067738525378 ], [ 67.530816808715059, 38.872926045454683 ], [ 67.531973928632524, 38.87247942369045 ], [ 67.532731298248578, 38.872083923997536 ], [ 67.534104193497299, 38.871802072298742 ], [ 67.535030356555225, 38.871829278379948 ], [ 67.53837164025451, 38.871082890803038 ], [ 67.539088046693593, 38.871129190560261 ], [ 67.539485371543762, 38.870997075312197 ], [ 67.540081044408652, 38.870518478951048 ], [ 67.540062000124621, 38.869892025505443 ], [ 67.539929318957149, 38.869556940236095 ], [ 67.539732677741455, 38.869429857807908 ], [ 67.539707345250434, 38.869301795978686 ], [ 67.540080325756435, 38.868798638747855 ], [ 67.540200969499097, 38.868161399061812 ], [ 67.53994773442048, 38.867098900565423 ], [ 67.539836073830671, 38.866907465898102 ], [ 67.539895991460099, 38.866512494752676 ], [ 67.539640600424832, 38.866138504645271 ], [ 67.539666382073491, 38.865850684100124 ], [ 67.540037565948893, 38.865239927141907 ], [ 67.542126867636725, 38.863038234857967 ], [ 67.541287661498288, 38.862085338477236 ], [ 67.540524273169837, 38.861413693790155 ], [ 67.539570801327258, 38.860786390668842 ], [ 67.537884034718275, 38.859963011948579 ], [ 67.536024791574746, 38.859293235887094 ], [ 67.53444824825111, 38.858930679800956 ], [ 67.532708840366482, 38.858737474355607 ], [ 67.531481382362259, 38.858838903782285 ], [ 67.530527461362027, 38.858717887966918 ], [ 67.529902413587365, 38.858110217577078 ], [ 67.529829829712384, 38.857766542592088 ], [ 67.53000437237209, 38.856062903051345 ], [ 67.529841956968738, 38.855725933789458 ], [ 67.529479576583128, 38.855425409305944 ], [ 67.529218615993088, 38.855032612937258 ], [ 67.528915344753159, 38.854763985142156 ], [ 67.528371594511697, 38.853596491773764 ], [ 67.527278704137032, 38.852492220868669 ], [ 67.526109007805573, 38.850763829342846 ], [ 67.52533969059624, 38.849912910243063 ], [ 67.524643406419543, 38.849382191260922 ], [ 67.523805368090962, 38.848966554239283 ], [ 67.522859352265272, 38.848759889177487 ], [ 67.5216108736834, 38.847669185828444 ], [ 67.521379467666193, 38.847300133923632 ], [ 67.519657037940433, 38.846304628726465 ], [ 67.517587139862783, 38.845250199393412 ], [ 67.515442861279567, 38.843470346557226 ], [ 67.514352845513812, 38.842819376249018 ], [ 67.512818433177031, 38.842080100725276 ], [ 67.512422904957418, 38.841751041583755 ], [ 67.511824267652074, 38.84103610410255 ], [ 67.51099763792763, 38.840555137030393 ], [ 67.510560248215825, 38.840201231629941 ], [ 67.510765513258221, 38.839936815987663 ], [ 67.511415983355448, 38.839789319351738 ], [ 67.512140205137513, 38.839448004806577 ], [ 67.512074538290264, 38.83925243741168 ], [ 67.512162752851125, 38.838365625242361 ], [ 67.512738572948265, 38.837017613194007 ], [ 67.513037622106339, 38.836047714450864 ], [ 67.51265592794212, 38.835723525594972 ], [ 67.512935124332415, 38.833795295620583 ], [ 67.513179106763587, 38.833556957282148 ], [ 67.513670664887073, 38.832425993900429 ], [ 67.513730762179563, 38.832034400114132 ], [ 67.514449773733006, 38.830395085084547 ], [ 67.514882851531453, 38.828725920448846 ], [ 67.515199777163701, 38.827849754305632 ], [ 67.515823387633915, 38.827070923127579 ], [ 67.51609467884974, 38.826474599597766 ], [ 67.516245056828296, 38.824505807701065 ], [ 67.516230863446822, 38.824233005496318 ], [ 67.516086863506757, 38.823974129374427 ], [ 67.516521917598865, 38.823161802326624 ], [ 67.517519406890344, 38.822115078631413 ], [ 67.518274890044296, 38.821696272864415 ], [ 67.519007466158499, 38.820459297733159 ], [ 67.519042230959968, 38.820226023959556 ], [ 67.518327621151485, 38.818674695432456 ], [ 67.518026955025874, 38.818289185225971 ], [ 67.517456075662807, 38.817970374827588 ], [ 67.51731719611989, 38.817462304988574 ], [ 67.519995523139499, 38.816499209080881 ], [ 67.52057062458438, 38.81613265527627 ], [ 67.52135629113188, 38.815215667560501 ], [ 67.521482594260803, 38.814882284549405 ], [ 67.522138813575864, 38.813963670840906 ], [ 67.522824856958351, 38.813528368116849 ], [ 67.523396634636697, 38.813317470374884 ], [ 67.523995182110525, 38.813262733454287 ], [ 67.525586727299384, 38.813329579687917 ], [ 67.52633529342566, 38.81323774484612 ], [ 67.526846255159256, 38.813080673394069 ], [ 67.528022060034644, 38.813033145912279 ], [ 67.527255437771174, 38.81158245751871 ], [ 67.526914527120823, 38.811219868301521 ], [ 67.526563735002398, 38.809883452106575 ], [ 67.52623477194534, 38.809419704507498 ], [ 67.526456296494416, 38.80833203829507 ], [ 67.526071188732104, 38.807696216972417 ], [ 67.525899790175913, 38.806837222663916 ], [ 67.525458807202938, 38.806496730162145 ], [ 67.525364573929622, 38.80623848959533 ], [ 67.52552959444732, 38.805960157158346 ], [ 67.526618891560815, 38.804789902970619 ], [ 67.52702097748201, 38.804600260759123 ], [ 67.527355599925343, 38.803817745033186 ], [ 67.527363505099828, 38.803436144740914 ], [ 67.527729388915063, 38.802005983030732 ], [ 67.52772157357208, 38.800161340765712 ], [ 67.527816435666097, 38.79884144958131 ], [ 67.527663542404753, 38.798436089030517 ], [ 67.527669650948667, 38.798138613128373 ], [ 67.527822993367678, 38.7979426522122 ], [ 67.527873299023568, 38.797720506513386 ], [ 67.527841678325572, 38.797325991408364 ], [ 67.528186631394689, 38.796523372215844 ], [ 67.528592759734622, 38.795942685877172 ], [ 67.529053595475375, 38.795604241717449 ], [ 67.530271621169106, 38.794066379942571 ], [ 67.530461525020186, 38.792573155473711 ], [ 67.530482635429379, 38.791545237054954 ], [ 67.531219882783049, 38.790048038713174 ], [ 67.531427663108261, 38.78968961108076 ], [ 67.53260355781515, 38.788393823090018 ], [ 67.533224473339544, 38.788009059287241 ], [ 67.534445553305247, 38.78767386845476 ], [ 67.534708041031266, 38.787490202536077 ], [ 67.535620010707703, 38.78718224771503 ], [ 67.535587132368335, 38.785873249828065 ], [ 67.535808117928198, 38.785284003874438 ], [ 67.535443222259786, 38.784149963049295 ], [ 67.535919688686505, 38.78352968165327 ], [ 67.536037008662603, 38.783241386916551 ], [ 67.535923910768332, 38.782252268715908 ], [ 67.536271199457175, 38.781716073383734 ], [ 67.536293208181618, 38.781418807811455 ], [ 67.535865250780276, 38.780449062177453 ], [ 67.53598050463124, 38.779288333264375 ], [ 67.535957777254538, 38.778454627626886 ], [ 67.535893278217145, 38.778204549050365 ], [ 67.535427950899958, 38.7776971060402 ], [ 67.535636629540463, 38.776252421369868 ], [ 67.535490473643733, 38.775907860909491 ], [ 67.535881420455397, 38.774596344923125 ], [ 67.536104112814314, 38.773340342838438 ], [ 67.536841988988698, 38.772389957431052 ], [ 67.537996863117982, 38.771187705252011 ], [ 67.538620024430557, 38.769907129614879 ], [ 67.538719198437903, 38.769434787227908 ], [ 67.538597925874555, 38.769039135036905 ], [ 67.538925092301042, 38.768318774864525 ], [ 67.539932103734557, 38.767532218698022 ], [ 67.54005175933041, 38.767028902250374 ], [ 67.540625513302345, 38.765827190104922 ], [ 67.540767806443355, 38.764504772046074 ], [ 67.540724238152094, 38.764105380162952 ], [ 67.540424290678729, 38.763593774246331 ], [ 67.540220822266846, 38.762837215564744 ], [ 67.539543223048028, 38.761523287813503 ], [ 67.538644458606299, 38.760518107644245 ], [ 67.537418258243477, 38.759957512163517 ], [ 67.537968296691915, 38.758356607110265 ], [ 67.538543218473748, 38.756992860417341 ], [ 67.539524543480027, 38.755800922505792 ], [ 67.539073763480573, 38.755468106401139 ], [ 67.538249022014867, 38.754445189477423 ], [ 67.537780189471448, 38.754018698247201 ], [ 67.537211042958546, 38.753637685359855 ], [ 67.536637257545578, 38.753482500141345 ], [ 67.536392288764219, 38.753300281075823 ], [ 67.53525286925111, 38.751128340611061 ], [ 67.534680366632315, 38.75042790971407 ], [ 67.533578140965218, 38.749845440523636 ], [ 67.533111906349603, 38.749785059293529 ], [ 67.531714056800624, 38.750040135261798 ], [ 67.530380047823911, 38.748636856210545 ], [ 67.530192391557691, 38.748089268645778 ], [ 67.529737302339811, 38.747483732514851 ], [ 67.528704060998336, 38.746937961901047 ], [ 67.524971381329749, 38.745811298533603 ], [ 67.524684279764941, 38.745651836502638 ], [ 67.523649437625622, 38.744704048776804 ], [ 67.523356569775046, 38.744240764171948 ], [ 67.523146820342703, 38.743705332694503 ], [ 67.522898069654005, 38.743420241515608 ], [ 67.522145638975417, 38.742867010826437 ], [ 67.520892044488008, 38.742209296519746 ], [ 67.518313248106921, 38.741477111536518 ], [ 67.518119661163183, 38.741410828522653 ], [ 67.517875858395072, 38.741178697355885 ], [ 67.517719185023012, 38.740385320862387 ], [ 67.517924002704405, 38.739714911145306 ], [ 67.519000363179558, 38.73864426428883 ], [ 67.519091548469092, 38.738368119715325 ], [ 67.519692790888755, 38.73776818103466 ], [ 67.520163622183674, 38.737119802955498 ], [ 67.520772206534147, 38.736736459703302 ], [ 67.521576207696583, 38.736523868882315 ], [ 67.52107907462846, 38.735071898250133 ], [ 67.520990407316646, 38.734357221549779 ], [ 67.521172855150837, 38.733415496720056 ], [ 67.521386294862367, 38.733097217688751 ], [ 67.521525087268714, 38.732636334944864 ], [ 67.521525442103226, 38.731558219059522 ], [ 67.521073231985838, 38.730342033655631 ], [ 67.521040443477986, 38.729998863301773 ], [ 67.520561192273888, 38.729322949535273 ], [ 67.520020675967444, 38.728337718891503 ], [ 67.519628381682864, 38.728074149524147 ], [ 67.519563523319363, 38.727936232488148 ], [ 67.519812452772797, 38.727247696625128 ], [ 67.51955858258529, 38.726826999816168 ], [ 67.519489951297572, 38.726491171112706 ], [ 67.519597397890408, 38.725911426980261 ], [ 67.519528658804873, 38.724714098002536 ], [ 67.518465782042171, 38.722254772328185 ], [ 67.518160265014032, 38.721063730522296 ], [ 67.517507370363859, 38.719841893318566 ], [ 67.517385917239125, 38.719078570007056 ], [ 67.517222952066817, 38.71878672139033 ], [ 67.516733111522171, 38.718817910214717 ], [ 67.516131868204184, 38.718657548249574 ], [ 67.514820777945317, 38.717634521025232 ], [ 67.514652164166492, 38.717323951710952 ], [ 67.514557481735551, 38.716328803121094 ], [ 67.513804783358992, 38.715703866835369 ], [ 67.512899730710231, 38.714282459887087 ], [ 67.512487579166304, 38.714020163443166 ], [ 67.512248448535999, 38.713565328711944 ], [ 67.511925148458488, 38.713335283481619 ], [ 67.511616934687893, 38.712856258938011 ], [ 67.511352472464864, 38.712182995937219 ], [ 67.511186455715503, 38.711082554157024 ], [ 67.510943930351729, 38.710791244879424 ], [ 67.510161583079238, 38.710165910394267 ], [ 67.509306739068336, 38.709679848527614 ], [ 67.509124111571083, 38.709381511811969 ], [ 67.508801436721015, 38.709120396066233 ], [ 67.506357390327494, 38.708092116491997 ], [ 67.505482873211918, 38.707597987460701 ], [ 67.504209698146241, 38.707153270095141 ], [ 67.50391073881967, 38.707188390308481 ], [ 67.503206641096625, 38.708059598109685 ], [ 67.503170805503316, 38.708347351176357 ], [ 67.502305449406961, 38.709800696974497 ], [ 67.500864641522753, 38.711667232772051 ], [ 67.500278939957525, 38.712103718095534 ], [ 67.499101872050858, 38.71276632884522 ], [ 67.494990017094096, 38.712686130604567 ], [ 67.491439697224834, 38.712059347700169 ], [ 67.490120709876322, 38.712034747703719 ], [ 67.489647650759494, 38.712089002968902 ], [ 67.487017827375354, 38.713028418905623 ], [ 67.485020417052908, 38.713206304462894 ], [ 67.48382952946389, 38.713500214901515 ], [ 67.483323418632821, 38.713750239834383 ], [ 67.482177707319451, 38.714640915885035 ], [ 67.480746249999044, 38.714471365160414 ], [ 67.478860139143691, 38.714394048259059 ], [ 67.475940255144167, 38.714016455496385 ], [ 67.475189348906611, 38.713999078611181 ], [ 67.473299118377341, 38.714117810645796 ], [ 67.472438891661255, 38.714257436591325 ], [ 67.470403546382698, 38.714857165477255 ], [ 67.46942333708401, 38.715206563363424 ], [ 67.468262354410797, 38.715900684505364 ], [ 67.467436802664707, 38.71667463249468 ], [ 67.466281639277923, 38.717995090236137 ], [ 67.465447752962589, 38.719153774981493 ], [ 67.464602078954115, 38.719965184663458 ], [ 67.46268156531832, 38.721486841391147 ], [ 67.46185368513899, 38.721913597719286 ], [ 67.461592363426206, 38.721970575324633 ], [ 67.461260712609842, 38.721995870655917 ], [ 67.460861763605649, 38.721900559662423 ], [ 67.459869215048215, 38.72147247442205 ], [ 67.458911610955369, 38.721210842150533 ], [ 67.457409898193205, 38.721168371846545 ], [ 67.456045437226692, 38.721014531812614 ], [ 67.455404318591576, 38.720817445774962 ], [ 67.454307322017755, 38.720319978133979 ], [ 67.452111263643275, 38.718977925582102 ], [ 67.448808618280992, 38.718036205491842 ], [ 67.447134607749007, 38.717946070245269 ], [ 67.446575136990049, 38.717983918651917 ], [ 67.442753316597532, 38.718778179663374 ], [ 67.442080506297486, 38.719154055335437 ], [ 67.441559842758835, 38.719622525172625 ], [ 67.441410003769448, 38.719869514915722 ], [ 67.441029567246616, 38.721418928543564 ], [ 67.440808756858203, 38.721830963044987 ], [ 67.440552921156879, 38.722076614930621 ], [ 67.439980694320866, 38.722257575745509 ], [ 67.439062975426609, 38.722381206340856 ], [ 67.437433162006627, 38.722910278394117 ], [ 67.436689716277513, 38.722990868850957 ], [ 67.435940248242673, 38.722905373860208 ], [ 67.434061155924653, 38.722057691813546 ], [ 67.433554066828208, 38.721900001779602 ], [ 67.432754654260251, 38.721896838808128 ], [ 67.43183495098755, 38.722110886785508 ], [ 67.430601653933948, 38.722691893848577 ], [ 67.429056821139852, 38.722730090166756 ], [ 67.428273849538229, 38.722855331896056 ], [ 67.426844090932008, 38.723485111545813 ], [ 67.425169363544455, 38.72441427939868 ], [ 67.424689122396941, 38.724240825782246 ], [ 67.423342097730114, 38.724169837482158 ], [ 67.420002349251632, 38.724479397282828 ], [ 67.41641607700808, 38.724611982059514 ], [ 67.415687015103245, 38.724473782913215 ], [ 67.415204260469579, 38.724090005959063 ], [ 67.413770027354929, 38.721429462506848 ], [ 67.412988652059568, 38.720611453934154 ], [ 67.412086024862077, 38.720048313510155 ], [ 67.411399805409786, 38.719722050086673 ], [ 67.410949543738269, 38.719610324950565 ], [ 67.410142703001213, 38.719508772231457 ], [ 67.40754881761832, 38.719639486470598 ], [ 67.405180139877118, 38.72046743121615 ], [ 67.399145439258106, 38.721124434605947 ], [ 67.396177775665265, 38.721596881527674 ], [ 67.395110025542138, 38.721879463838853 ], [ 67.393035725719614, 38.721682031859146 ], [ 67.389731900869336, 38.721681819498585 ], [ 67.389166317973192, 38.72156084605966 ], [ 67.388139063903083, 38.720980735320538 ], [ 67.386667838165067, 38.720439746771625 ], [ 67.384341291410706, 38.719819051700455 ], [ 67.382480251636608, 38.719194005755483 ], [ 67.3810596558463, 38.718946312791076 ], [ 67.379466493689904, 38.718542811123619 ], [ 67.375640252687873, 38.717412071948466 ], [ 67.373499883572791, 38.716657880765851 ], [ 67.367374810639546, 38.714935095188032 ], [ 67.36718364914708, 38.714725588060141 ], [ 67.36691011214306, 38.712249516357225 ], [ 67.366865286210412, 38.710516109987871 ], [ 67.36692637164974, 38.709289823492334 ], [ 67.366244550349066, 38.708238133232669 ], [ 67.365492203213776, 38.706868523040093 ], [ 67.364832764336754, 38.706033149859671 ], [ 67.364084730911458, 38.704693059724853 ], [ 67.363678692403056, 38.703797282381899 ], [ 67.363526966951554, 38.703023825911366 ], [ 67.363081140262565, 38.702084637451506 ], [ 67.362405779645457, 38.701396196041514 ], [ 67.36032906515139, 38.698303473837228 ], [ 67.359360005742019, 38.697308910205109 ], [ 67.357569702906645, 38.696016067162589 ], [ 67.357392179636832, 38.695779652636212 ], [ 67.357018223560459, 38.694446331843373 ], [ 67.356549080199983, 38.693911515776072 ], [ 67.354842898302749, 38.693155566421169 ], [ 67.354263185805493, 38.692822931674563 ], [ 67.351454148522137, 38.690617725395484 ], [ 67.350409829156604, 38.689976661819301 ], [ 67.342565947606488, 38.685717679650431 ], [ 67.341551390324611, 38.685587955211162 ], [ 67.34121354292941, 38.685650079923867 ], [ 67.340508618756289, 38.686350164965027 ], [ 67.339312254138989, 38.687744439905792 ], [ 67.337440646583886, 38.689574126938794 ], [ 67.336639043024945, 38.690513532270863 ], [ 67.335686536871279, 38.691314900405331 ], [ 67.335220160321867, 38.691496908090393 ], [ 67.332512241898485, 38.691537943228276 ], [ 67.330292535374156, 38.69141157946865 ], [ 67.329796764151993, 38.691200734312673 ], [ 67.329317664763224, 38.690688306685452 ], [ 67.328726417897741, 38.689615893803293 ], [ 67.328125586008142, 38.68830309827316 ], [ 67.327985840489276, 38.687768487304943 ], [ 67.327702422915465, 38.687308292517898 ], [ 67.327257675103112, 38.686106531104699 ], [ 67.327243024479145, 38.68543130387215 ], [ 67.326589732773613, 38.684541599803346 ], [ 67.326446902440082, 38.684216867106052 ], [ 67.326349205263043, 38.682750089410064 ], [ 67.326378928719166, 38.677146734845941 ], [ 67.326708535868249, 38.675393263743779 ], [ 67.326803658473693, 38.673787376882217 ], [ 67.326319736030129, 38.672754100746921 ], [ 67.326237816862758, 38.67237908297497 ], [ 67.326381804226386, 38.671044215149685 ], [ 67.326185587913798, 38.670036479652396 ], [ 67.32588248825212, 38.66929264677794 ], [ 67.325885670084844, 38.668528405110095 ], [ 67.32621441844455, 38.66762538193688 ], [ 67.326200485574461, 38.667197015241719 ], [ 67.325965714468239, 38.666372887964656 ], [ 67.325655259400975, 38.665651558218023 ], [ 67.324870933139934, 38.664617538290798 ], [ 67.32389193566857, 38.664086932279126 ], [ 67.322372628503231, 38.662789896891269 ], [ 67.32075960369761, 38.660978364758272 ], [ 67.318130244742477, 38.659416325448404 ], [ 67.317080050394949, 38.6586466155712 ], [ 67.31611208872684, 38.657651685913137 ], [ 67.314053827425383, 38.655139462868398 ], [ 67.31246690586525, 38.654278994168244 ], [ 67.311415604793311, 38.653562038694666 ], [ 67.308761332860399, 38.650626063246321 ], [ 67.308245572326527, 38.650052664246338 ], [ 67.307957812296621, 38.649603277345534 ], [ 67.307387915690484, 38.648470731277236 ], [ 67.307167110691964, 38.647222473163872 ], [ 67.307112497614241, 38.646270900116782 ], [ 67.306806616768441, 38.645368490139646 ], [ 67.306333114782177, 38.644637215340666 ], [ 67.305722624206666, 38.64400210365568 ], [ 67.305357996236225, 38.643144094409578 ], [ 67.305283698375717, 38.642622355850087 ], [ 67.305390310433609, 38.641363739881236 ], [ 67.305060576622054, 38.640657190497535 ], [ 67.304698277983135, 38.640108635364477 ], [ 67.304536356653188, 38.639630901326925 ], [ 67.304443872399744, 38.639063643058478 ], [ 67.304388424787135, 38.637334803236875 ], [ 67.304599909764576, 38.63570797036347 ], [ 67.305142671859258, 38.633904783103347 ], [ 67.305689570695804, 38.633150573965295 ], [ 67.306573021556915, 38.632401250088854 ], [ 67.306649869734514, 38.632217473945964 ], [ 67.306603019897494, 38.631126426024991 ], [ 67.306469763808252, 38.630656654547913 ], [ 67.30558244480153, 38.629119529314387 ], [ 67.305513858429578, 38.62876387228539 ], [ 67.305680866918991, 38.628207901699412 ], [ 67.306441551318443, 38.627358690426753 ], [ 67.306614442874647, 38.626961250043941 ], [ 67.306732751895879, 38.625612245050071 ], [ 67.306956189856493, 38.625109903123537 ], [ 67.306762600217837, 38.624752440100472 ], [ 67.306198066553932, 38.624216056243917 ], [ 67.305957623485, 38.623805127732361 ], [ 67.305765828680279, 38.623372175063842 ], [ 67.305600812654149, 38.622207770185369 ], [ 67.305081863999362, 38.620555211617003 ], [ 67.304926223689861, 38.620220934800557 ], [ 67.304338406592109, 38.619450278880727 ], [ 67.303036841170211, 38.61816010618567 ], [ 67.302819808197555, 38.617975091930006 ], [ 67.302543673265745, 38.617879711139402 ], [ 67.301029111900121, 38.617832420064765 ], [ 67.300398489180751, 38.617913677760129 ], [ 67.298876024437234, 38.617247106735839 ], [ 67.297657145343976, 38.617162343779206 ], [ 67.295985260225976, 38.617193405643562 ], [ 67.29540125108673, 38.617079282090906 ], [ 67.294462691277886, 38.616680750855394 ], [ 67.292476965342331, 38.616689524462252 ], [ 67.292074405110682, 38.616630793215542 ], [ 67.291626803350695, 38.616443159067799 ], [ 67.290349305591917, 38.615425973644498 ], [ 67.288054957152283, 38.613776304435262 ], [ 67.285262089544062, 38.611897945710474 ], [ 67.284854402627104, 38.611458789720629 ], [ 67.284441624957424, 38.611153375814872 ], [ 67.283821428085233, 38.610853645666609 ], [ 67.282652450406019, 38.609488208078169 ], [ 67.280883403506891, 38.607781512137322 ], [ 67.279801170744761, 38.606588458777864 ], [ 67.278987602524552, 38.605621930131718 ], [ 67.278561323176177, 38.604747886154485 ], [ 67.278159603767634, 38.604255262745504 ], [ 67.276342461068168, 38.60323740678367 ], [ 67.275851226338233, 38.60286677430566 ], [ 67.275123069935205, 38.602132797708954 ], [ 67.274618812328583, 38.60194540505212 ], [ 67.27405368667489, 38.601432987408288 ], [ 67.273047360655966, 38.599086418697674 ], [ 67.272568412184143, 38.597395595056845 ], [ 67.271943274577922, 38.596206406744031 ], [ 67.271820834204703, 38.594636589028319 ], [ 67.271932362742177, 38.593802225260582 ], [ 67.270708093757207, 38.592784973027413 ], [ 67.270081737137161, 38.592443700029257 ], [ 67.26860565241175, 38.592052117846279 ], [ 67.26796526590357, 38.591695553824088 ], [ 67.267654302389886, 38.591430592912609 ], [ 67.267312818614414, 38.591036950743892 ], [ 67.266544494941783, 38.589803099978091 ], [ 67.26579131955981, 38.588874620067898 ], [ 67.265241563182357, 38.587955122242008 ], [ 67.26518956060886, 38.58733117374252 ], [ 67.264293087769374, 38.58616776312379 ], [ 67.263830398804203, 38.585729561948682 ], [ 67.263172713438621, 38.585493425142232 ], [ 67.261335760192196, 38.584326708962351 ], [ 67.260779461384516, 38.583873226306615 ], [ 67.260387878565666, 38.58336938500824 ], [ 67.260010738859947, 38.583098423122159 ], [ 67.258894379100155, 38.582713312901909 ], [ 67.256830287732498, 38.582199630899972 ], [ 67.256173978585892, 38.581910664374689 ], [ 67.25505530656261, 38.581260116768405 ], [ 67.254193283215955, 38.580334213883603 ], [ 67.253505712697503, 38.579750435986334 ], [ 67.25223863898924, 38.578981819453297 ], [ 67.251829456377322, 38.578517134276261 ], [ 67.251076937663825, 38.578065999833441 ], [ 67.248743384050272, 38.57713633371332 ], [ 67.247599110041321, 38.576756963556122 ], [ 67.244753606547363, 38.576171049730185 ], [ 67.242821330371228, 38.575976024974182 ], [ 67.242133939515824, 38.575784581360637 ], [ 67.240574284519511, 38.5750971077738 ], [ 67.239020288909529, 38.574175760651741 ], [ 67.238154582470216, 38.573808103402335 ], [ 67.237294355754159, 38.573606470518762 ], [ 67.234393066881012, 38.573147720240499 ], [ 67.231933030475474, 38.57264282466965 ], [ 67.23059939160467, 38.572630112689168 ], [ 67.227096680648856, 38.572003570798508 ], [ 67.224994982210106, 38.571804250531137 ], [ 67.222379986418034, 38.571786692341547 ], [ 67.22099469441838, 38.571548813566039 ], [ 67.219821584488855, 38.571176296771036 ], [ 67.219070503079806, 38.570840369807442 ], [ 67.217468357770585, 38.569367132779767 ], [ 67.21414315391489, 38.567591566701765 ], [ 67.212067596450936, 38.565896379904437 ], [ 67.211924674489225, 38.565660518551539 ], [ 67.211670002106175, 38.564324635250046 ], [ 67.211162094644536, 38.56400532322386 ], [ 67.210562109866274, 38.563793618427873 ], [ 67.210147627194175, 38.563304320882672 ], [ 67.209979013415349, 38.562904507667724 ], [ 67.209996081405734, 38.562616517150275 ], [ 67.210337531045241, 38.561648087889267 ], [ 67.210261264077602, 38.561125059014408 ], [ 67.209635856976817, 38.559542041096684 ], [ 67.209491857036767, 38.5577482491585 ], [ 67.209228111669361, 38.557183394928181 ], [ 67.208938404990235, 38.556867352799905 ], [ 67.208022303063487, 38.556206813942765 ], [ 67.207471995120414, 38.555598604233779 ], [ 67.205571968462991, 38.553816937446491 ], [ 67.204989141506672, 38.55291997563986 ], [ 67.203509077244533, 38.551012208570384 ], [ 67.203551028568285, 38.55052212148081 ], [ 67.203373611299668, 38.550075448026995 ], [ 67.200495588792421, 38.547351649410572 ], [ 67.199298943002432, 38.546414138601222 ], [ 67.197069593961857, 38.543860090317146 ], [ 67.195895945043176, 38.542325242966896 ], [ 67.195000953525565, 38.540990401506825 ], [ 67.194824075246146, 38.540526524597958 ], [ 67.19455395184022, 38.540226359090475 ], [ 67.194088355028441, 38.539011842371004 ], [ 67.193924142994518, 38.538837936794366 ], [ 67.193292178192138, 38.538329638246026 ], [ 67.192389281500041, 38.538030587822732 ], [ 67.19142314341201, 38.538115398536654 ], [ 67.190919278369151, 38.537961165225269 ], [ 67.187360422708039, 38.536002408535268 ], [ 67.185777860671976, 38.535837630509953 ], [ 67.183599176613427, 38.535320948821628 ], [ 67.182527037321819, 38.534969324889687 ], [ 67.18176167269975, 38.534645877137329 ], [ 67.180271726969522, 38.533166065800593 ], [ 67.177976351755532, 38.532561736923086 ], [ 67.176770812644264, 38.531997738905268 ], [ 67.175322369080121, 38.530845696322565 ], [ 67.173674948680571, 38.530111201572375 ], [ 67.171324237245088, 38.529350065395612 ], [ 67.169462658481805, 38.528853646511187 ], [ 67.169139534474127, 38.528692787505484 ], [ 67.167970197468762, 38.527879983727757 ], [ 67.164760696621684, 38.524628255133962 ], [ 67.161305596375897, 38.521684143909326 ], [ 67.158323189632611, 38.520048248054678 ], [ 67.157797495528357, 38.519666116655507 ], [ 67.157343397152218, 38.519199361167843 ], [ 67.15662357711507, 38.51826886336994 ], [ 67.156484068751439, 38.517908370432224 ], [ 67.156392530424014, 38.517221467895439 ], [ 67.156645046850372, 38.516494846781569 ], [ 67.157619718933645, 38.515753036233072 ], [ 67.157627444445083, 38.51544939355361 ], [ 67.157109386020707, 38.514381854448537 ], [ 67.157069141495981, 38.51362568305295 ], [ 67.156530152325502, 38.512604578995557 ], [ 67.1555604209763, 38.51175581520372 ], [ 67.154921269651666, 38.510772080178597 ], [ 67.15367063511313, 38.510830211946747 ], [ 67.152542261284708, 38.511147370174356 ], [ 67.151938054424633, 38.511130078338908 ], [ 67.151307616758245, 38.510972131991238 ], [ 67.150280842388497, 38.510418438386942 ], [ 67.149835727165197, 38.509990776225557 ], [ 67.148142313023115, 38.507985496050786 ], [ 67.146910543105534, 38.50692220463538 ], [ 67.143717391596596, 38.502719919961251 ], [ 67.1453567271586, 38.502574468634137 ], [ 67.145871192321806, 38.501453168939122 ], [ 67.145982044427868, 38.500995364321092 ], [ 67.145953478001829, 38.500177045377654 ], [ 67.145702758206042, 38.499518727754712 ], [ 67.145069805256838, 38.498690830669673 ], [ 67.143830758985459, 38.496373357213791 ], [ 67.142502869332461, 38.495207245387967 ], [ 67.142061077875752, 38.494654977352624 ], [ 67.141938188344881, 38.494037669560271 ], [ 67.141710465420346, 38.493644572513652 ], [ 67.141366141171957, 38.493156133613759 ], [ 67.140955431424032, 38.492939298585704 ], [ 67.140684499534331, 38.492685761081276 ], [ 67.140142186597345, 38.491804771080702 ], [ 67.139990910303496, 38.490750803208805 ], [ 67.13977747059198, 38.490186547895263 ], [ 67.139648292854133, 38.489428927113792 ], [ 67.139338104586514, 38.488388002935508 ], [ 67.13937942708958, 38.487936865494916 ], [ 67.138388854825791, 38.486378816435753 ], [ 67.138175415114276, 38.485814597203984 ], [ 67.137530604403324, 38.484919248720914 ], [ 67.136674420106047, 38.482526933829455 ], [ 67.135076137552517, 38.477596915693304 ], [ 67.135747358732843, 38.476929601078432 ], [ 67.135934657469562, 38.476410527445609 ], [ 67.135917679310722, 38.476149195910644 ], [ 67.135756521548728, 38.475960229272459 ], [ 67.134992594231122, 38.475537848014106 ], [ 67.134498161498712, 38.475088669625194 ], [ 67.13399070319474, 38.474838234052271 ], [ 67.133755254758768, 38.474620007680954 ], [ 67.133608020883685, 38.474350441289957 ], [ 67.133561577983514, 38.474004778763337 ], [ 67.133059958728865, 38.473375267837547 ], [ 67.132443894106999, 38.472893091524199 ], [ 67.132297738210269, 38.472275456652589 ], [ 67.131835554996599, 38.471345126228584 ], [ 67.131715450243107, 38.471249968531716 ], [ 67.131755335441738, 38.470930524701707 ], [ 67.131240421120879, 38.470664390760469 ], [ 67.131088785500921, 38.470413377165798 ], [ 67.131064620819771, 38.469819423053323 ], [ 67.13134723080816, 38.469414307672885 ], [ 67.131631727258622, 38.46928770864973 ], [ 67.131706377258752, 38.468387723854512 ], [ 67.132209882975502, 38.467407546329419 ], [ 67.132330796212727, 38.466859426037082 ], [ 67.132584749943547, 38.466515415651848 ], [ 67.132699824131464, 38.466190957000883 ], [ 67.132775102952252, 38.46557066227188 ], [ 67.132733061796969, 38.464901829604386 ], [ 67.133157695431763, 38.463761937068206 ], [ 67.133029236346133, 38.463377678230472 ], [ 67.132969139053642, 38.462643268997823 ], [ 67.133118169559268, 38.461309411900437 ], [ 67.132933835262975, 38.46066466677344 ], [ 67.132709975094158, 38.460432751259432 ], [ 67.131804473287758, 38.460144842973378 ], [ 67.131476139051415, 38.459847507702861 ], [ 67.129869951323428, 38.458836755576201 ], [ 67.128924204992302, 38.458423911066014 ], [ 67.12875379458292, 38.458135291324865 ], [ 67.128542780322647, 38.45804180444896 ], [ 67.127870570995569, 38.457443738814135 ], [ 67.127377755230711, 38.456329545211609 ], [ 67.127368682246313, 38.456220579966242 ], [ 67.127899945905355, 38.455393170325593 ], [ 67.127958156735758, 38.455126838354424 ], [ 67.128231873402825, 38.454627797407433 ], [ 67.128705375389089, 38.454197201225327 ], [ 67.128827007278559, 38.453925659099738 ], [ 67.128788649215934, 38.453577014395464 ], [ 67.12859084019037, 38.453126362590261 ], [ 67.127738338985722, 38.452469444254994 ], [ 67.127583199936154, 38.452050513236372 ], [ 67.127969026350669, 38.450577516987202 ], [ 67.128017086218392, 38.449941188502635 ], [ 67.128334191513687, 38.448989112420826 ], [ 67.128283077374022, 38.448211430078075 ], [ 67.128110511007932, 38.447857481232099 ], [ 67.128316943860213, 38.44705593651215 ], [ 67.128306253908363, 38.446704585129247 ], [ 67.128127399335284, 38.445980770561071 ], [ 67.128212918950339, 38.444962858864166 ], [ 67.128157492897287, 38.444203707466087 ], [ 67.127945580321764, 38.443383055119774 ], [ 67.127463544340316, 38.442464735207416 ], [ 67.125761955529143, 38.440975571471235 ], [ 67.122755294273205, 38.436223973350479 ], [ 67.123500177306781, 38.433944882492497 ], [ 67.120753757988638, 38.428678893502315 ], [ 67.120293551068571, 38.427951520270987 ], [ 67.119441858347713, 38.427748071203311 ], [ 67.119101666349607, 38.427273260651333 ], [ 67.118668229225023, 38.426397664368473 ], [ 67.118089804013579, 38.425645918276977 ], [ 67.117920561414053, 38.424384428246938 ], [ 67.117799558345297, 38.4240116422894 ], [ 67.116482358644191, 38.421049202870833 ], [ 67.116363781026692, 38.419894470997178 ], [ 67.109949091245838, 38.414790682720692 ], [ 67.09405852269046, 38.404771670871497 ], [ 67.09280618135287, 38.403738183714104 ], [ 67.091894211676447, 38.403275816444165 ], [ 67.091148430327564, 38.403102075968604 ], [ 67.0900213141406, 38.402114183065535 ], [ 67.089242564620776, 38.40169122870897 ], [ 67.089091917147627, 38.401415335543895 ], [ 67.089205554031054, 38.40039792199692 ], [ 67.088857187363899, 38.400131175929197 ], [ 67.088429858783243, 38.399564803672497 ], [ 67.088227648012776, 38.399443432582942 ], [ 67.087806787302156, 38.399231455092703 ], [ 67.086896614256318, 38.399005326310991 ], [ 67.086125680079476, 38.398588760324337 ], [ 67.085372352882175, 38.397507381273414 ], [ 67.085362920571725, 38.397264843191337 ], [ 67.084816475384386, 38.396423099488928 ], [ 67.084494609018108, 38.396051154916691 ], [ 67.084175707092228, 38.395865709946044 ], [ 67.084131330317192, 38.39575306280684 ], [ 67.084305603482306, 38.394836108564775 ], [ 67.083331111062108, 38.393757348829126 ], [ 67.083491550171857, 38.393362226694961 ], [ 67.083551108475177, 38.392903243016093 ], [ 67.083387435430424, 38.392521423264228 ], [ 67.083488855225994, 38.392268307270449 ], [ 67.083402527127191, 38.391949851591789 ], [ 67.083019126163933, 38.391514797890537 ], [ 67.082761219845864, 38.390516114790735 ], [ 67.082450402757544, 38.390324600381142 ], [ 67.082178392889531, 38.38956839514676 ], [ 67.081880601372816, 38.389177826832508 ], [ 67.081633025680532, 38.388981168867758 ], [ 67.081262560457333, 38.388956454563704 ], [ 67.08060643097383, 38.388386333358369 ], [ 67.079767584161516, 38.388155030587356 ], [ 67.079208652391756, 38.38779163378085 ], [ 67.078711884039635, 38.387764806701441 ], [ 67.078413553533778, 38.38739943637998 ], [ 67.077805663581017, 38.387097365477651 ], [ 67.077174327599323, 38.387379087121069 ], [ 67.076554130727189, 38.386647988667946 ], [ 67.076041013036885, 38.386639539061612 ], [ 67.075784544023264, 38.386784520087346 ], [ 67.075602994504337, 38.38678149231756 ], [ 67.07563766947429, 38.386365700867465 ], [ 67.075428990833828, 38.386194454650607 ], [ 67.075121677175119, 38.386170725188101 ], [ 67.074863142036335, 38.386390275229644 ], [ 67.074533190832483, 38.386328874515385 ], [ 67.074296394923593, 38.386026658313753 ], [ 67.073588702142757, 38.385617270233503 ], [ 67.073366908099132, 38.385346385584178 ], [ 67.073140802142092, 38.385236961136037 ], [ 67.072801059301639, 38.385243861781831 ], [ 67.072735931443546, 38.385019027137837 ], [ 67.072439307736715, 38.384889815555773 ], [ 67.072405171755932, 38.384690399734694 ], [ 67.072170711466782, 38.384596395263948 ], [ 67.072001468867256, 38.384279736608519 ], [ 67.071985299192136, 38.384888548084078 ], [ 67.071512246363525, 38.385455669037597 ], [ 67.071477391730497, 38.385877732577441 ], [ 67.071136750574752, 38.3859187840049 ], [ 67.070479093955242, 38.386299511999489 ], [ 67.070294849490494, 38.386548212836445 ], [ 67.070298802077744, 38.386697418845444 ], [ 67.069811645699161, 38.387049836724294 ], [ 67.069287029573218, 38.387181086420547 ], [ 67.069126859958075, 38.387560681170299 ], [ 67.068962198766485, 38.387666722308047 ], [ 67.069002353459709, 38.387937739091122 ], [ 67.069125422653627, 38.388060960207696 ], [ 67.068953215613647, 38.38830050145755 ], [ 67.068640601894785, 38.388475615325973 ], [ 67.068378922652499, 38.388813097351267 ], [ 67.068036484866212, 38.388919347886201 ], [ 67.067425001652325, 38.389344348464782 ], [ 67.067067651832289, 38.38941926547151 ], [ 67.066717488534536, 38.389817436794146 ], [ 67.066411971506383, 38.390023738668489 ], [ 67.066001351590046, 38.390911956569568 ], [ 67.06594439840103, 38.391271465208163 ], [ 67.065920593045988, 38.391867755560469 ], [ 67.066119839376, 38.392094751563725 ], [ 67.066203472528969, 38.392366526238305 ], [ 67.065400827822586, 38.39240609541919 ], [ 67.065002155499513, 38.392548671024905 ], [ 67.064741644067112, 38.392544376158916 ], [ 67.064411153874104, 38.392501638708019 ], [ 67.063779548397804, 38.392199096261656 ], [ 67.063347189251573, 38.392123548462372 ], [ 67.062288165363128, 38.392155795342553 ], [ 67.061298221920026, 38.392406658681438 ], [ 67.060725905252511, 38.39240257503031 ], [ 67.059512281303682, 38.39220733399457 ], [ 67.058891275947744, 38.392046874054117 ], [ 67.057856237077402, 38.391512615222531 ], [ 67.056433395498871, 38.391384471373456 ], [ 67.055611167519302, 38.391417422670628 ], [ 67.055354429011118, 38.39127646423853 ], [ 67.055096522693049, 38.390880624455072 ], [ 67.055113860178025, 38.390526605822799 ], [ 67.054392782499463, 38.39062032094764 ], [ 67.053255605181306, 38.390620109719087 ], [ 67.051995089174625, 38.390213775266815 ], [ 67.051225322807682, 38.389473833731145 ], [ 67.050751820821418, 38.389167617248546 ], [ 67.050007656440059, 38.388794790417613 ], [ 67.048735911492315, 38.388369575374227 ], [ 67.048383951564006, 38.387509139206536 ], [ 67.048043400239791, 38.386959637626546 ], [ 67.046611755171469, 38.386606374347068 ], [ 67.046003146566491, 38.386335211747515 ], [ 67.045146423280016, 38.386774591818529 ], [ 67.044467296925248, 38.386775718430634 ], [ 67.044303174722842, 38.386710797377688 ], [ 67.043944477429889, 38.386543283892706 ], [ 67.043277747825996, 38.385792531427342 ], [ 67.043065925082004, 38.385739227846841 ], [ 67.042865960099746, 38.385835343257469 ], [ 67.042489565995723, 38.385443698564316 ], [ 67.041488573274634, 38.385082048506888 ], [ 67.0412529451756, 38.38489164634818 ], [ 67.040982911601176, 38.384800177085602 ], [ 67.040535460758178, 38.38441042800725 ], [ 67.039854717435844, 38.3841815066572 ], [ 67.039544888494362, 38.383958781190877 ], [ 67.039396396977892, 38.38331616191676 ], [ 67.039232454438547, 38.383245041089538 ], [ 67.0388636061829, 38.38345643169967 ], [ 67.038676307446138, 38.383664582542949 ], [ 67.038477869599888, 38.383704790231548 ], [ 67.037498526277147, 38.383421082613367 ], [ 67.037140008647242, 38.383539382276673 ], [ 67.036526728802784, 38.383442137150944 ], [ 67.036151592340161, 38.383591208734885 ], [ 67.035909586202592, 38.38348769661426 ], [ 67.035967168212309, 38.383401647650189 ], [ 67.035410482230759, 38.382963514594138 ], [ 67.034819570436852, 38.382624174423164 ], [ 67.034556633553194, 38.381836693474838 ], [ 67.034585738968389, 38.381638255091978 ], [ 67.034326125851294, 38.381310739025942 ], [ 67.034423862554192, 38.381200463448387 ], [ 67.034167752866708, 38.381034627253733 ], [ 67.034350200700899, 38.380714502466773 ], [ 67.034036868329807, 38.380330083258201 ], [ 67.034154188305905, 38.380077206273697 ], [ 67.034038395465771, 38.379689966872313 ], [ 67.034081873925516, 38.379541521031186 ], [ 67.033741861590514, 38.379268571431517 ], [ 67.033584925910347, 38.378939636219073 ], [ 67.033226498112001, 38.378765837262719 ], [ 67.033303304068795, 38.378552672413463 ], [ 67.033255693358726, 38.378415139555969 ], [ 67.032504162792023, 38.378324859268766 ], [ 67.032011347027165, 38.378154932026384 ], [ 67.031396450215198, 38.378262747492499 ], [ 67.031254965557949, 38.377803527138298 ], [ 67.030941633186814, 38.377711274269636 ], [ 67.030359345219651, 38.377931413363271 ], [ 67.030253703342268, 38.378041553080671 ], [ 67.030248672776636, 38.378370844483747 ], [ 67.030016817601819, 38.378332746474669 ], [ 67.029257920849801, 38.37851267312498 ], [ 67.028980610921579, 38.378837385019771 ], [ 67.027645714409402, 38.378712387661771 ], [ 67.025244966812593, 38.37873104925287 ], [ 67.024123959169557, 38.378435561758188 ], [ 67.023380423608856, 38.378631192079155 ], [ 67.023718908807936, 38.377651838007914 ], [ 67.02379849954211, 38.376758175532821 ], [ 67.023427764824348, 38.376745710658994 ], [ 67.023045172344851, 38.376590075613151 ], [ 67.022769299721077, 38.376573033203165 ], [ 67.022252409106613, 38.376707259678838 ], [ 67.021739111753263, 38.376710992100847 ], [ 67.021108853749922, 38.376948951214892 ], [ 67.019733712712977, 38.377213388436139 ], [ 67.020033480523296, 38.376719513290098 ], [ 67.020968267407937, 38.375734640268426 ], [ 67.021512646470129, 38.373431809047808 ], [ 67.021349602246076, 38.373329620490573 ], [ 67.020423618851183, 38.373413427794887 ], [ 67.018980744841826, 38.372475414286541 ], [ 67.018059522517987, 38.371515133338349 ], [ 67.017591500254952, 38.370730278191459 ], [ 67.017176298930636, 38.370611394149805 ], [ 67.016930879195002, 38.370638298019941 ], [ 67.015273038338165, 38.371213136959874 ], [ 67.015042350973204, 38.371277578923447 ], [ 67.014822443391651, 38.371236589615549 ], [ 67.013661909876092, 38.370079512443759 ], [ 67.012725865350049, 38.369380003168203 ], [ 67.011974963604032, 38.369124904567066 ], [ 67.011648964987444, 38.368920444713261 ], [ 67.011100543506487, 38.368768173513359 ], [ 67.011170881593245, 38.368659076143039 ], [ 67.010212469016608, 38.36796356773722 ], [ 67.009150390856192, 38.367581052872936 ], [ 67.00844323706454, 38.367174870725648 ], [ 67.007911793742466, 38.367072391602818 ], [ 67.007386189469699, 38.367117961374987 ], [ 67.005746045423976, 38.366677194121706 ], [ 67.0045187670828, 38.367053586139775 ], [ 67.00382086593855, 38.367078237494816 ], [ 67.003652431822786, 38.367174800293277 ], [ 67.003202465696958, 38.367176420237037 ], [ 67.002139758715856, 38.36735102178595 ], [ 67.002002496140463, 38.367320665516232 ], [ 67.001776120688859, 38.36708380165669 ], [ 67.00116670360012, 38.366995690638646 ], [ 67.000806569002719, 38.367029920831044 ], [ 67.000341870506247, 38.366847993511726 ], [ 67.000079472611731, 38.366918073969586 ], [ 66.999658072911956, 38.366740020171015 ], [ 66.999322911479467, 38.366439060361259 ], [ 66.998452264306081, 38.366352709386781 ], [ 66.997852010033228, 38.36610316435209 ], [ 66.997725437409699, 38.365970467742784 ], [ 66.997495378865452, 38.366013150436622 ], [ 66.997094640417188, 38.365801215822735 ], [ 66.995897545469575, 38.364325897057384 ], [ 66.995587986022642, 38.36431026046143 ], [ 66.992712568629713, 38.361483111916392 ], [ 66.993205823670763, 38.3610125494545 ], [ 66.99360650462684, 38.360908037910498 ], [ 66.99390481357311, 38.36066952311463 ], [ 66.99417104637557, 38.36031213686195 ], [ 66.994428043598575, 38.359328164052187 ], [ 66.993827210810693, 38.358677523304287 ], [ 66.993273650067977, 38.357596142750936 ], [ 66.992313456132152, 38.356834939857038 ], [ 66.992022295080545, 38.356495840628462 ], [ 66.991818696413006, 38.356186099063557 ], [ 66.991470879514765, 38.355337925502823 ], [ 66.990651146156779, 38.354613914737079 ], [ 66.990448546415791, 38.35394920950602 ], [ 66.990686920664658, 38.35331989016062 ], [ 66.990757037765832, 38.352701618389851 ], [ 66.990282106559945, 38.351976549213127 ], [ 66.989960990286903, 38.351762229016643 ], [ 66.98965948423654, 38.351158461855185 ], [ 66.989155364072133, 38.35053033701535 ], [ 66.988456704749808, 38.349905831335633 ], [ 66.988267747723043, 38.349879085314946 ], [ 66.988040809926062, 38.349381084088392 ], [ 66.987935499527012, 38.348169313202355 ], [ 66.987864995251911, 38.348095406722841 ], [ 66.987440570026266, 38.348420469266394 ], [ 66.987513748585954, 38.348873509490396 ], [ 66.986888468147598, 38.348765246560312 ], [ 66.986469810106072, 38.3485631597393 ], [ 66.986272948803105, 38.348650263208718 ], [ 66.986148653408819, 38.348989189238353 ], [ 66.985667805898487, 38.348479780180007 ], [ 66.984521116319783, 38.347643295111695 ], [ 66.983560610668547, 38.346136402762895 ], [ 66.982225052097974, 38.346502891696844 ], [ 66.98142492177611, 38.346899356840332 ], [ 66.981856889256875, 38.346937954697779 ], [ 66.982122230930557, 38.347119083813162 ], [ 66.981821481261647, 38.347565330093971 ], [ 66.981615101409943, 38.347730058703355 ], [ 66.981361740567209, 38.348305228222415 ], [ 66.981010289085347, 38.348423802283456 ], [ 66.980763866829875, 38.349033364212325 ], [ 66.980714718204041, 38.349378366140812 ], [ 66.98060783036334, 38.34952296531722 ], [ 66.980126951411975, 38.349742129894409 ], [ 66.979795869229164, 38.35026610522484 ], [ 66.979166582304657, 38.350984341860304 ], [ 66.978237614706416, 38.351522926778749 ], [ 66.978408936905822, 38.352049328101351 ], [ 66.978361342365446, 38.352338264708543 ], [ 66.978012267825804, 38.352796504019132 ], [ 66.977372872159421, 38.353165588294118 ], [ 66.975485180269132, 38.353260157717919 ], [ 66.973345175870051, 38.352659384340072 ], [ 66.972964695329779, 38.352673684970178 ], [ 66.970706629844486, 38.352301704233021 ], [ 66.969861486740356, 38.352324372603597 ], [ 66.969126276765735, 38.351801993003107 ], [ 66.968713035565386, 38.351620805856676 ], [ 66.968080546146865, 38.351659565340405 ], [ 66.96793326555941, 38.351563784242224 ], [ 66.967340463710173, 38.351876691049107 ], [ 66.96715954121531, 38.351854916513986 ], [ 66.966943943750508, 38.351944392911342 ], [ 66.966457097290686, 38.351855155330135 ], [ 66.965508707217666, 38.351900850215458 ], [ 66.964962894444312, 38.351661399087043 ], [ 66.964190934391425, 38.351045139945576 ], [ 66.963904675446358, 38.350955610305483 ], [ 66.963993885340614, 38.350190238884316 ], [ 66.964121499111542, 38.350142738018555 ], [ 66.964110527986989, 38.350056249250407 ], [ 66.962449648129521, 38.350027387701189 ], [ 66.962075033588036, 38.349832945323847 ], [ 66.960897086230702, 38.349603650393675 ], [ 66.960561509776554, 38.349277631521645 ], [ 66.959076533526471, 38.348588719156417 ], [ 66.958854669414222, 38.348210817182611 ], [ 66.958694578850796, 38.348246315917102 ], [ 66.957700019863779, 38.348096745289936 ], [ 66.957535225721557, 38.348142594720635 ], [ 66.95673980885995, 38.348612479965873 ], [ 66.955773029374782, 38.3493612609632 ], [ 66.955518898675834, 38.349440364626489 ], [ 66.955255208105655, 38.349073820106696 ], [ 66.954919620871692, 38.348121350262296 ], [ 66.954842603810818, 38.347403087345995 ], [ 66.954493471779031, 38.346304211993804 ], [ 66.954611196895314, 38.345575425758 ], [ 66.954577992467478, 38.345185064524372 ], [ 66.954396368388387, 38.344729466991481 ], [ 66.954112289654503, 38.344460022249422 ], [ 66.953329399799571, 38.34401480379546 ], [ 66.952282450166834, 38.343216942387677 ], [ 66.951194547238657, 38.342620234156108 ], [ 66.949995335860223, 38.341583053307048 ], [ 66.948698618645921, 38.340871295754468 ], [ 66.947441132656678, 38.340334205666352 ], [ 66.946768840684555, 38.339730797695303 ], [ 66.946334058781986, 38.339479569928336 ], [ 66.945706510995876, 38.338856030088671 ], [ 66.943193182036069, 38.337106690779109 ], [ 66.943002448141684, 38.336351621870719 ], [ 66.941337209658485, 38.335055322671508 ], [ 66.940493435586859, 38.33406162219616 ], [ 66.94006553477935, 38.333289642298617 ], [ 66.939430764538358, 38.332439438931509 ], [ 66.937097464249689, 38.330829083998537 ], [ 66.936346985610186, 38.330026553297529 ], [ 66.936075947719303, 38.329568076206428 ], [ 66.935200079537495, 38.328458786859343 ], [ 66.935101855947693, 38.327888375081343 ], [ 66.935262519636282, 38.32709256437866 ], [ 66.935442507883209, 38.327005609052065 ], [ 66.935731032379437, 38.326569415779929 ], [ 66.935332377124354, 38.326438092100943 ], [ 66.935301709538848, 38.326239914804589 ], [ 66.93622389755167, 38.325992641683676 ], [ 66.93682856614582, 38.325593067735397 ], [ 66.93718559436897, 38.325467592948357 ], [ 66.938074980399165, 38.324596959091529 ], [ 66.939023053366853, 38.324271795990157 ], [ 66.939341498948551, 38.323892050407771 ], [ 66.939501675750236, 38.323807858071227 ], [ 66.940031234406845, 38.323773652550138 ], [ 66.939618950810569, 38.323427687913806 ], [ 66.93916028989112, 38.323326397807818 ], [ 66.938949006136298, 38.322847229027388 ], [ 66.938789997144511, 38.322751204748158 ], [ 66.938377506037369, 38.322691120795341 ], [ 66.93815393332946, 38.322506950889348 ], [ 66.938105162894374, 38.322279240451842 ], [ 66.938003542774482, 38.32224637889221 ], [ 66.93813131734386, 38.321913008141387 ], [ 66.937936419758174, 38.321552207735429 ], [ 66.937980187475418, 38.321260860646881 ], [ 66.938176920319279, 38.320860311284441 ], [ 66.938074753125406, 38.320289858737375 ], [ 66.937798015424008, 38.32003327770358 ], [ 66.937773076395118, 38.319799771808555 ], [ 66.937685037904004, 38.319704997305301 ], [ 66.9372957098565, 38.319524127377647 ], [ 66.936979643911968, 38.319263741295202 ], [ 66.936603273164124, 38.319182536122398 ], [ 66.936448919242125, 38.319061730758285 ], [ 66.936239413253233, 38.31866027415542 ], [ 66.935241503550202, 38.317685579477811 ], [ 66.934258932580633, 38.317282927652251 ], [ 66.933649058249401, 38.316980070044963 ], [ 66.933405533060721, 38.31677688456417 ], [ 66.932671926578905, 38.316497947720677 ], [ 66.932452493307821, 38.316446844294624 ], [ 66.931823041991606, 38.316500377927134 ], [ 66.931771928750265, 38.316244663800667 ], [ 66.931280013097293, 38.315788486770202 ], [ 66.930201357426625, 38.315160366088413 ], [ 66.92948133616683, 38.314570886783422 ], [ 66.929145180299315, 38.314518964389976 ], [ 66.928870097294705, 38.314584709301201 ], [ 66.928851358437882, 38.315058836771094 ], [ 66.928940598874831, 38.315526549341627 ], [ 66.928350875552056, 38.315043784414627 ], [ 66.928060716122019, 38.314609193145692 ], [ 66.92742322578232, 38.314931050933559 ], [ 66.926684593226483, 38.314937080061895 ], [ 66.925878538515292, 38.314355733467011 ], [ 66.924922281895348, 38.313960801598547 ], [ 66.924263119699447, 38.314265832850346 ], [ 66.92448662683033, 38.314708282253633 ], [ 66.923753897104234, 38.314971785953574 ], [ 66.923365779985701, 38.314473925387446 ], [ 66.922612526450308, 38.314056592941476 ], [ 66.921238113947084, 38.312904805461955 ], [ 66.921134934351855, 38.312761268718447 ], [ 66.921215082939824, 38.312440744754653 ], [ 66.921034744349924, 38.312074413404531 ], [ 66.920931662671052, 38.311345579625581 ], [ 66.92020688034026, 38.311154084808031 ], [ 66.918090933722794, 38.311534040200712 ], [ 66.917621244186606, 38.311364718154145 ], [ 66.916924317714447, 38.311305603119727 ], [ 66.91525658011814, 38.311545987653261 ], [ 66.913875442826665, 38.311443534130795 ], [ 66.912580743228517, 38.311545119965146 ], [ 66.912022665756552, 38.31046880235467 ], [ 66.911935524682406, 38.310069485413003 ], [ 66.912004060748686, 38.309706906860718 ], [ 66.910816994592921, 38.309685348738078 ], [ 66.910861291417902, 38.309461151354206 ], [ 66.910662372074626, 38.309246293027385 ], [ 66.909942525986324, 38.308932652989533 ], [ 66.909514511991105, 38.309169900180663 ], [ 66.909266169137567, 38.309083430170553 ], [ 66.908969861637743, 38.309293187717969 ], [ 66.908404709034599, 38.309416111324985 ], [ 66.908335516299829, 38.30904957085157 ], [ 66.908381332175964, 38.3087625692256 ], [ 66.907010438373703, 38.306999653752797 ], [ 66.9051340778324, 38.305559905971847 ], [ 66.9032446791431, 38.303890400289653 ], [ 66.902114392801479, 38.302405752256277 ], [ 66.901675468767152, 38.30162934927116 ], [ 66.900983884576007, 38.30070301996377 ], [ 66.900504548031947, 38.299728533696509 ], [ 66.899754187071778, 38.298554027355621 ], [ 66.899951095985415, 38.298400968787156 ], [ 66.900142605125879, 38.298050129302361 ], [ 66.900326412111127, 38.29728274533732 ], [ 66.898685959044897, 38.296874235832199 ], [ 66.897901125235691, 38.296468618097023 ], [ 66.897064625721214, 38.295580104311902 ], [ 66.894822034615018, 38.294129320308201 ], [ 66.893029238954725, 38.292303640903469 ], [ 66.892513950934713, 38.291894525220975 ], [ 66.891892882696709, 38.29119107115352 ], [ 66.891372718621341, 38.290804291332385 ], [ 66.889051387485523, 38.289511042897644 ], [ 66.888305731002475, 38.288946611245862 ], [ 66.886420674769255, 38.288210071117767 ], [ 66.884994960378449, 38.287476798696794 ], [ 66.883569837977433, 38.287247488386434 ], [ 66.881429221825655, 38.286470371801173 ], [ 66.881196697405954, 38.286204502564296 ], [ 66.880848756540189, 38.286070451035911 ], [ 66.880086431817077, 38.285573735342567 ], [ 66.879630950933716, 38.285400365960108 ], [ 66.878699656698885, 38.286249701552599 ], [ 66.877815615644636, 38.287219217375942 ], [ 66.876589243703577, 38.289254219707502 ], [ 66.876212753479805, 38.289725958973349 ], [ 66.875967336439118, 38.290299527923572 ], [ 66.874668489319291, 38.291301487335083 ], [ 66.874387277109491, 38.291750093075841 ], [ 66.874153451030892, 38.291926103938806 ], [ 66.873951228582371, 38.292369915703787 ], [ 66.873510472883154, 38.292610527267684 ], [ 66.872664038001631, 38.292430475307249 ], [ 66.87089608165725, 38.292329684086972 ], [ 66.871418022600267, 38.289816134667618 ], [ 66.871378291013585, 38.289349580441964 ], [ 66.871452792791672, 38.288829079287943 ], [ 66.871314775631404, 38.288141110349294 ], [ 66.871318626709041, 38.287332648260751 ], [ 66.871345678575494, 38.286948319969383 ], [ 66.871687066231246, 38.285546228027101 ], [ 66.871662463172228, 38.284832278708912 ], [ 66.871494179973439, 38.284368091998637 ], [ 66.870879640690944, 38.283889581772662 ], [ 66.868963713852963, 38.28398252390069 ], [ 66.868174462129176, 38.283937023114092 ], [ 66.867608826232441, 38.283814572492169 ], [ 66.867136516310552, 38.283609695560649 ], [ 66.866342898774477, 38.282903562741858 ], [ 66.865546792006754, 38.282552574995492 ], [ 66.864536605028718, 38.283032705282956 ], [ 66.864014823985855, 38.283976614892403 ], [ 66.862820970159774, 38.285730830958137 ], [ 66.862709105652385, 38.286040359672349 ], [ 66.862063799969704, 38.286746779980049 ], [ 66.862100336248957, 38.287118217259099 ], [ 66.862008409849324, 38.287960906986484 ], [ 66.861796535901334, 38.288377666157103 ], [ 66.86172469223817, 38.288737779870324 ], [ 66.861700832984226, 38.290762547890431 ], [ 66.86240231391487, 38.292247824783686 ], [ 66.860465493161698, 38.292113878894135 ], [ 66.860121227303793, 38.292169915093318 ], [ 66.859715640647948, 38.292106253743015 ], [ 66.859660938637063, 38.291861351653459 ], [ 66.859401221315366, 38.291844181430299 ], [ 66.855971565849998, 38.292252125600335 ], [ 66.855695314137193, 38.291291696150559 ], [ 66.855063429284883, 38.290254648739335 ], [ 66.854771431003456, 38.289994488245938 ], [ 66.854403243009543, 38.289936354180831 ], [ 66.854269950987685, 38.289987916252549 ], [ 66.854125161428527, 38.290249912775273 ], [ 66.853871301122467, 38.290301213042916 ], [ 66.853603512437957, 38.290290082793739 ], [ 66.853496470087009, 38.290176255344932 ], [ 66.852653881791568, 38.29013597033665 ], [ 66.852327987379525, 38.290223234280944 ], [ 66.852013103617921, 38.290472278539504 ], [ 66.850895210433947, 38.290675537008738 ], [ 66.849647444216103, 38.291137442692744 ], [ 66.849485322561833, 38.291019491244434 ], [ 66.848641937460698, 38.289537266173234 ], [ 66.848409628636674, 38.289393155788559 ], [ 66.847767393395628, 38.289244640476213 ], [ 66.847299294775809, 38.288807206838364 ], [ 66.84665138667377, 38.288583996918291 ], [ 66.846428705992935, 38.288381025203577 ], [ 66.846069723035754, 38.287187351044132 ], [ 66.845757463253094, 38.287791584911716 ], [ 66.845625788198745, 38.287533456847143 ], [ 66.845317833142914, 38.287655520443472 ], [ 66.844524642306624, 38.287278290695689 ], [ 66.844282247198564, 38.28746586403178 ], [ 66.843776810103947, 38.28709100032583 ], [ 66.842784466362417, 38.286069050683565 ], [ 66.842043086758423, 38.286560159500766 ], [ 66.841932953304593, 38.286551909746251 ], [ 66.83771473422496, 38.284808581603734 ], [ 66.837765489038489, 38.284293698085222 ], [ 66.837606577064733, 38.283271465081022 ], [ 66.837493209675898, 38.283107802103665 ], [ 66.836896458832655, 38.283075859221853 ], [ 66.836745272370322, 38.283019095346489 ], [ 66.836670173212582, 38.282886810664657 ], [ 66.836719131395554, 38.282387779340425 ], [ 66.837239166113534, 38.282102476013414 ], [ 66.837470302636135, 38.281752508982485 ], [ 66.837818759134848, 38.281435753165042 ], [ 66.83761268560869, 38.28094094283675 ], [ 66.837664518400587, 38.279990942683639 ], [ 66.837473446739651, 38.27952129727985 ], [ 66.837238447461317, 38.279206224156098 ], [ 66.836423226340983, 38.278513735448861 ], [ 66.836096509072135, 38.27836480015101 ], [ 66.835785602152313, 38.277682810801039 ], [ 66.835609712019661, 38.277657212275543 ], [ 66.835369322849658, 38.27789394540293 ], [ 66.834849377963181, 38.278093161690443 ], [ 66.834757839635742, 38.278041753362736 ], [ 66.834521582716022, 38.27765946889523 ], [ 66.834355933377623, 38.276443281752968 ], [ 66.834116801849007, 38.276264794032912 ], [ 66.834035324652731, 38.27608926775153 ], [ 66.833063796672931, 38.275882429688565 ], [ 66.832523999018719, 38.27600668774317 ], [ 66.832115175732937, 38.27596677286347 ], [ 66.831769324348542, 38.275777635272895 ], [ 66.831778576995944, 38.275468328666079 ], [ 66.832526693964567, 38.273878615783445 ], [ 66.832709321461863, 38.27331908385792 ], [ 66.833171594507036, 38.272482175715453 ], [ 66.83329313656499, 38.271880388581401 ], [ 66.833607726577483, 38.271376556399147 ], [ 66.833832574893108, 38.270709523477329 ], [ 66.83405409944217, 38.270415287934199 ], [ 66.834239332053741, 38.269753676765909 ], [ 66.83428047489376, 38.269163997773177 ], [ 66.834519336927812, 38.268820386421531 ], [ 66.834436152932483, 38.268700700394533 ], [ 66.834426540958944, 38.268228231353085 ], [ 66.834339224713332, 38.267984202252222 ], [ 66.833751546854486, 38.267333218876992 ], [ 66.833228098538427, 38.266378808867742 ], [ 66.833634765867558, 38.265781061952907 ], [ 66.833404976817846, 38.265654317815724 ], [ 66.834165670200449, 38.264537803145778 ], [ 66.835168549383638, 38.263947305947653 ], [ 66.835746166111335, 38.263743536748912 ], [ 66.835559406363771, 38.263662353360992 ], [ 66.835507573571888, 38.26354957107548 ], [ 66.835688763764679, 38.263155149097827 ], [ 66.835301859371796, 38.26264455566411 ], [ 66.83495834360717, 38.262004809965838 ], [ 66.834918368576993, 38.261667160212951 ], [ 66.836614028507327, 38.261623146425748 ], [ 66.83751045732933, 38.261418524286142 ], [ 66.837552228990063, 38.260323105375136 ], [ 66.837357204741863, 38.259303779614015 ], [ 66.837403917136641, 38.259195575486189 ], [ 66.837835737293716, 38.25889198234028 ], [ 66.838603707030089, 38.25791220863227 ], [ 66.83912805366144, 38.256753462803836 ], [ 66.838789927788497, 38.25602753549088 ], [ 66.837691827185211, 38.254549135394562 ], [ 66.837158407569504, 38.253883429337677 ], [ 66.836454667375932, 38.253230132766355 ], [ 66.835452866171053, 38.252105596751846 ], [ 66.835240414606375, 38.251939606115329 ], [ 66.834781375496178, 38.251965425338234 ], [ 66.834262598419599, 38.251871742431021 ], [ 66.832156677899022, 38.250938645617858 ], [ 66.83188996809119, 38.250740554119993 ], [ 66.831669701183529, 38.250440452937617 ], [ 66.831551752386702, 38.250020774805364 ], [ 66.831557591436081, 38.248896118583133 ], [ 66.831499739931758, 38.248714317985197 ], [ 66.831342085599388, 38.248568072936628 ], [ 66.830819445767105, 38.248338722294449 ], [ 66.829014910024355, 38.247883687349322 ], [ 66.827736697206603, 38.24718031765093 ], [ 66.826784123679303, 38.245667097320649 ], [ 66.826077778371399, 38.244843910292317 ], [ 66.825193566637239, 38.244352378248273 ], [ 66.824827503158971, 38.244041808993913 ], [ 66.823930265853193, 38.242996996871462 ], [ 66.823009223192372, 38.242419024257615 ], [ 66.822301081253926, 38.241466121387518 ], [ 66.822429809834119, 38.241130351733275 ], [ 66.821250681192211, 38.240532114879706 ], [ 66.820766938411694, 38.239931121419929 ], [ 66.820774574091615, 38.238881311229029 ], [ 66.820348413320815, 38.238468339869627 ], [ 66.820145483898145, 38.237592152648631 ], [ 66.819900692983225, 38.23718876994463 ], [ 66.819967976797983, 38.236788136805522 ], [ 66.820115390336099, 38.23652664452414 ], [ 66.820880395632074, 38.235874109225477 ], [ 66.820531220481158, 38.235608380046024 ], [ 66.820502115065935, 38.235436495226878 ], [ 66.821192200867188, 38.235212536318514 ], [ 66.821820572408427, 38.23414614658553 ], [ 66.822662473492727, 38.233068168940562 ], [ 66.823493774456637, 38.232479180099304 ], [ 66.823724910979251, 38.23214386288835 ], [ 66.823841781797697, 38.231669321474314 ], [ 66.82378905069055, 38.230920562917774 ], [ 66.823892985768893, 38.23048320137061 ], [ 66.823861454902442, 38.230214629875455 ], [ 66.824128074878757, 38.229487379014316 ], [ 66.826109399069395, 38.227548760559031 ], [ 66.827196180900131, 38.22686481221897 ], [ 66.828811172117923, 38.225551799683359 ], [ 66.828884744139714, 38.225335079061217 ], [ 66.829420229880569, 38.22472810262871 ], [ 66.830427870134756, 38.223911735687267 ], [ 66.830691615502161, 38.223542716192462 ], [ 66.831145983372892, 38.22194339836409 ], [ 66.831334270256448, 38.220656974237777 ], [ 66.831104481206765, 38.219484366268453 ], [ 66.831202487404255, 38.21831152766984 ], [ 66.831457339450367, 38.217842683362136 ], [ 66.832213990414175, 38.217096393868736 ], [ 66.832362122604522, 38.216762629048745 ], [ 66.832378382111159, 38.215949772267649 ], [ 66.832564063880397, 38.215283289276705 ], [ 66.832684348296937, 38.214023709390936 ], [ 66.832692522966042, 38.213213715873572 ], [ 66.832326369656201, 38.207056595234064 ], [ 66.832025254372979, 38.206025934252196 ], [ 66.83189517831984, 38.20482026614895 ], [ 66.830743088967949, 38.201331833973313 ], [ 66.830424726031268, 38.200085919787654 ], [ 66.83016358577818, 38.199439199395357 ], [ 66.829649479941068, 38.198538609972033 ], [ 66.828356714415705, 38.195539200477832 ], [ 66.828151718867858, 38.194865541220189 ], [ 66.827605633006655, 38.194110755875542 ], [ 66.827268495280506, 38.192967302245165 ], [ 66.826184947384789, 38.191566977758725 ], [ 66.825287440584432, 38.190553324847968 ], [ 66.824938894254217, 38.190060790486967 ], [ 66.824769382160099, 38.189521794796413 ], [ 66.82428707668403, 38.189146740686667 ], [ 66.823216554359973, 38.186023026949414 ], [ 66.822609293227899, 38.184568411344053 ], [ 66.822506795453975, 38.184404526080058 ], [ 66.821961158750412, 38.184349591600551 ], [ 66.821686094610413, 38.182270453502426 ], [ 66.821403304958963, 38.181691857193321 ], [ 66.821328205801208, 38.18113705287788 ], [ 66.821559162660762, 38.180064503958803 ], [ 66.821221036787819, 38.179754083931471 ], [ 66.821316527702507, 38.178349974640348 ], [ 66.820938516630974, 38.177046750019386 ], [ 66.820659769398304, 38.176545509006502 ], [ 66.820705763140865, 38.176274619923355 ], [ 66.821153034320815, 38.175674719894531 ], [ 66.821167856522976, 38.174967050427561 ], [ 66.820979928965571, 38.174722920168783 ], [ 66.820012263741489, 38.172095484466674 ], [ 66.819542983837081, 38.1716194215402 ], [ 66.819020882993939, 38.171259176632901 ], [ 66.818497973667093, 38.170268052559578 ], [ 66.817837801764753, 38.169243156488129 ], [ 66.817261532510017, 38.168056230860252 ], [ 66.817145110849182, 38.167656770881557 ], [ 66.816541173483657, 38.166757483537069 ], [ 66.816546114217743, 38.166636146344466 ], [ 66.816005238585163, 38.1659811480231 ], [ 66.815168368066466, 38.165725616566725 ], [ 66.814096408437948, 38.165147948317546 ], [ 66.812578165776245, 38.163896541735191 ], [ 66.811693235389882, 38.163398953682041 ], [ 66.811102413427477, 38.163203519659753 ], [ 66.810149211079505, 38.162712566178186 ], [ 66.810248025760757, 38.162212921735254 ], [ 66.810657028709628, 38.162048562403498 ], [ 66.810645170947879, 38.161916198838995 ], [ 66.80831026986138, 38.160886735486152 ], [ 66.807505648861422, 38.160739325032857 ], [ 66.806798764564334, 38.160297656950398 ], [ 66.804243147412521, 38.157352263519101 ], [ 66.804208472442554, 38.156206537682827 ], [ 66.804318066907257, 38.155842543456728 ], [ 66.803952722081192, 38.155196913676583 ], [ 66.803248532729953, 38.154334699391583 ], [ 66.802791469913416, 38.153788728676595 ], [ 66.801459178515557, 38.152494106919988 ], [ 66.800576763411954, 38.151986833843289 ], [ 66.799371224300629, 38.150086983230814 ], [ 66.799036691688855, 38.149730164093 ], [ 66.797049887774932, 38.148555707463984 ], [ 66.792226114362307, 38.146603418468302 ], [ 66.789321591554142, 38.145777556592407 ], [ 66.788498914416962, 38.1455829231123 ], [ 66.787466839987033, 38.145459360608143 ], [ 66.787393717122896, 38.145240635387765 ], [ 66.787088739083941, 38.145150771347495 ], [ 66.786778730479384, 38.145225940646576 ], [ 66.786255192331822, 38.145577483258059 ], [ 66.785945992211012, 38.145496874460839 ], [ 66.785920839383053, 38.145284578297975 ], [ 66.785846908035154, 38.145248901178334 ], [ 66.785416345519494, 38.145396554886851 ], [ 66.78399628871837, 38.146563079324395 ], [ 66.783849593832457, 38.146585262323988 ], [ 66.783664271389341, 38.146450892586216 ], [ 66.78352476302571, 38.146108608934171 ], [ 66.783727872111456, 38.145785327791316 ], [ 66.783085307188742, 38.145862545205048 ], [ 66.781781312722316, 38.145604187993321 ], [ 66.781301163202954, 38.14517450902926 ], [ 66.780464472347319, 38.144792585747361 ], [ 66.775865367587187, 38.143179386438383 ], [ 66.775269694722297, 38.142739095662428 ], [ 66.774121198631576, 38.142234439471935 ], [ 66.773259624442588, 38.141376805608402 ], [ 66.773016989484319, 38.140920465959034 ], [ 66.772960844779064, 38.140498743129335 ], [ 66.772378197485793, 38.139225788118623 ], [ 66.771525426786582, 38.138080201472924 ], [ 66.771273718843972, 38.137600242378184 ], [ 66.770606899408563, 38.137151368605991 ], [ 66.770168162223811, 38.137633803583441 ], [ 66.768439444291033, 38.138372075539593 ], [ 66.767289151569713, 38.138576125270887 ], [ 66.766601581051248, 38.138485122552652 ], [ 66.764986410170408, 38.13808832676532 ], [ 66.764618460230011, 38.137863220503682 ], [ 66.763444990974378, 38.137537076615288 ], [ 66.761587274966814, 38.137330268416086 ], [ 66.760694798732061, 38.136845923722284 ], [ 66.759411735011739, 38.136875952480217 ], [ 66.75734084878728, 38.136548179086695 ], [ 66.755972445114963, 38.136467560313548 ], [ 66.752633317372343, 38.135367716341705 ], [ 66.750879356780104, 38.134679793171379 ], [ 66.749856175671511, 38.134597900488572 ], [ 66.748808829881753, 38.134663471168579 ], [ 66.746321125365441, 38.133782289574285 ], [ 66.743863334748085, 38.132574507315574 ], [ 66.743100754903381, 38.131718597098988 ], [ 66.742385785768761, 38.130598754887949 ], [ 66.74106005207247, 38.130417436063773 ], [ 66.739552409531115, 38.130061298012919 ], [ 66.739052227580913, 38.129654422295758 ], [ 66.738681043705526, 38.128580126657134 ], [ 66.737969308505939, 38.127997782986846 ], [ 66.737488799660454, 38.127910653629002 ], [ 66.735715615121123, 38.127853061984972 ], [ 66.735130093218928, 38.127654847451929 ], [ 66.73407008118366, 38.126536073550056 ], [ 66.734435246346678, 38.125888841734074 ], [ 66.735189741353807, 38.12508550027956 ], [ 66.73539940814112, 38.124684532914273 ], [ 66.735008551161002, 38.124567931134592 ], [ 66.734312716141929, 38.12411049702115 ], [ 66.733667456273324, 38.122976404225831 ], [ 66.732903439124172, 38.122174868147042 ], [ 66.731412505247135, 38.121920243267894 ], [ 66.729193127506193, 38.121947451353144 ], [ 66.727750163665334, 38.121420955435916 ], [ 66.727061784663078, 38.12136095586154 ], [ 66.725856065888749, 38.120815727787779 ], [ 66.724186277438633, 38.120292615963237 ], [ 66.723646479784406, 38.120212049907373 ], [ 66.721872037603674, 38.1202010250718 ], [ 66.720274294039356, 38.119897346734042 ], [ 66.719820375326279, 38.119592536371535 ], [ 66.718386843795898, 38.119081783579496 ], [ 66.717979637477583, 38.118544171239769 ], [ 66.715493460097278, 38.116696527104018 ], [ 66.714008814427174, 38.116247030048385 ], [ 66.711113364603435, 38.116143843226951 ], [ 66.710438999319649, 38.116270918483544 ], [ 66.709867491135881, 38.116259751701229 ], [ 66.708904137825172, 38.115851526891852 ], [ 66.708051726452098, 38.115309084751146 ], [ 66.707645508280592, 38.114798726063064 ], [ 66.707321126631498, 38.114138102756023 ], [ 66.707086846005424, 38.112801571511824 ], [ 66.705888493416381, 38.110768527011388 ], [ 66.704878697205515, 38.109331140864072 ], [ 66.704621599371222, 38.108726307799579 ], [ 66.703878782462766, 38.107574587752516 ], [ 66.703690675242257, 38.10697108315599 ], [ 66.702879227046125, 38.106441157053943 ], [ 66.700214195092713, 38.105296964430373 ], [ 66.70064682373355, 38.104760169548896 ], [ 66.700223537571688, 38.104363968005309 ], [ 66.697591024631578, 38.102497444586994 ], [ 66.696621383113893, 38.101668326729509 ], [ 66.695872547493053, 38.10071895437536 ], [ 66.694870297130549, 38.099990410531611 ], [ 66.694189643639774, 38.099377299842274 ], [ 66.693562619571452, 38.099255921271499 ], [ 66.692393731723755, 38.098812325770091 ], [ 66.69184396276988, 38.098427685642392 ], [ 66.691065123418554, 38.097493187620053 ], [ 66.690372791829077, 38.096942125805619 ], [ 66.688949051935296, 38.096142990424703 ], [ 66.688453541224575, 38.095603583241811 ], [ 66.688163115893204, 38.095122708632474 ], [ 66.686809264928485, 38.093670592329445 ], [ 66.686232277021531, 38.09321522703447 ], [ 66.685669302832963, 38.092627723137873 ], [ 66.685195711015183, 38.092018651236728 ], [ 66.684955321845138, 38.091515341212464 ], [ 66.683270172203663, 38.089947627406787 ], [ 66.682718516787673, 38.089313646104074 ], [ 66.682021693621792, 38.08828725923064 ], [ 66.68189413285144, 38.087645981065165 ], [ 66.681168922922566, 38.087203304950442 ], [ 66.680858195665792, 38.0867453540071 ], [ 66.6793642973483, 38.085679901688778 ], [ 66.67848008561414, 38.085280697757064 ], [ 66.678221819969963, 38.085034146170521 ], [ 66.677862044698671, 38.08425588051734 ], [ 66.677138721231898, 38.083447060908703 ], [ 66.676287298005633, 38.082947297979096 ], [ 66.675768251434462, 38.082531957597261 ], [ 66.675441354502553, 38.081653116723587 ], [ 66.674426976883751, 38.080698322523524 ], [ 66.673674727664803, 38.080264372464335 ], [ 66.672683526580315, 38.078186792923809 ], [ 66.671832103354006, 38.077071645564111 ], [ 66.670725289092474, 38.075927983118056 ], [ 66.669668510992224, 38.075073601220765 ], [ 66.667858675189294, 38.074040649938006 ], [ 66.666880679339485, 38.073187731060834 ], [ 66.665607497087308, 38.072632808679437 ], [ 66.663995829636065, 38.071261007210332 ], [ 66.662482527708434, 38.070202684187393 ], [ 66.661917667057779, 38.069685150521835 ], [ 66.660580345094303, 38.069292436347851 ], [ 66.659989523131941, 38.068557355744723 ], [ 66.6604506283673, 38.068105865208899 ], [ 66.660600647019749, 38.066800246963517 ], [ 66.660783184685471, 38.066328730655265 ], [ 66.661378318561205, 38.065273448182282 ], [ 66.66147524678037, 38.0643951778979 ], [ 66.661390805143625, 38.063645761288996 ], [ 66.661113764710009, 38.063063819428095 ], [ 66.661162722893025, 38.062145631936168 ], [ 66.66086780598522, 38.059958754612296 ], [ 66.659703858871595, 38.058767151624757 ], [ 66.659299527162219, 38.058470927724827 ], [ 66.657415670179887, 38.057615493141341 ], [ 66.656974597375381, 38.056617449911599 ], [ 66.656352603872662, 38.056044223181694 ], [ 66.656010974570108, 38.054401617970669 ], [ 66.655487166927941, 38.053838135483666 ], [ 66.653446823423138, 38.052948339278295 ], [ 66.650691870109767, 38.052231203341286 ], [ 66.650464326848322, 38.051954052257798 ], [ 66.650144526607164, 38.051480318126558 ], [ 66.649902520469638, 38.04980853631394 ], [ 66.649815653381651, 38.048521550269903 ], [ 66.649816551696944, 38.047259725958817 ], [ 66.650068529134145, 38.04677400587569 ], [ 66.65010976180568, 38.046408758662778 ], [ 66.650075266498774, 38.045948500718936 ], [ 66.649910515475668, 38.045555729893493 ], [ 66.649784751335886, 38.044867739174869 ], [ 66.649939800553909, 38.043406418365592 ], [ 66.648139936050654, 38.042404573281544 ], [ 66.647417607018909, 38.04127622079546 ], [ 66.646557194351544, 38.04046451623914 ], [ 66.646457840681151, 38.040182085153042 ], [ 66.645444002051491, 38.039242597757763 ], [ 66.644584583819153, 38.039015064393929 ], [ 66.643272051764285, 38.038482458097448 ], [ 66.642394613327369, 38.03789623591085 ], [ 66.641985398376093, 38.037451814661217 ], [ 66.641484497773689, 38.036795232747615 ], [ 66.64174878213025, 38.036231968507892 ], [ 66.641843734055783, 38.035727567046578 ], [ 66.641840852260358, 38.035141724692792 ], [ 66.641612506803341, 38.034523337493972 ], [ 66.640254704149712, 38.032151516495681 ], [ 66.6398259149084, 38.031091326633792 ], [ 66.639272576049592, 38.030534980480653 ], [ 66.638321897069233, 38.030087435832939 ], [ 66.637842679102832, 38.029984339666917 ], [ 66.637342545661653, 38.029919730775333 ], [ 66.636156057122605, 38.030067261686597 ], [ 66.635357897704438, 38.030082335512667 ], [ 66.634777496199376, 38.030062878155377 ], [ 66.634211737233443, 38.029895743361863 ], [ 66.63387307237133, 38.029709716812008 ], [ 66.633375315872399, 38.029263505900872 ], [ 66.633370914127511, 38.028788280508202 ], [ 66.633162684644631, 38.02852703259741 ], [ 66.632010421917911, 38.027919621942928 ], [ 66.63118603169346, 38.027832867181296 ], [ 66.629692493600402, 38.028036447261741 ], [ 66.629083083698191, 38.027697012366659 ], [ 66.628854184878961, 38.027466534829699 ], [ 66.628945902869447, 38.026455767881792 ], [ 66.628743063278307, 38.025111901768412 ], [ 66.628788608761511, 38.024614291422878 ], [ 66.62860571176968, 38.023566823675189 ], [ 66.627350407788285, 38.023105293455259 ], [ 66.626356417434835, 38.022173868858495 ], [ 66.6256331855962, 38.021092115302245 ], [ 66.625279159542728, 38.020773376230437 ], [ 66.625453163213265, 38.02026285299015 ], [ 66.625673426527683, 38.020150400108569 ], [ 66.625879237745778, 38.01987417922777 ], [ 66.625700828737109, 38.019605763157934 ], [ 66.625292364777422, 38.019449504417956 ], [ 66.624320926629167, 38.019344128657458 ], [ 66.623837270985248, 38.019077331982174 ], [ 66.623445428553268, 38.018711092440917 ], [ 66.622719859298286, 38.018393263028777 ], [ 66.621907517278444, 38.017246763533329 ], [ 66.621948116637697, 38.016601050180832 ], [ 66.622571364188559, 38.014985718168482 ], [ 66.622510550938784, 38.014735188599374 ], [ 66.622855327039773, 38.013815263989621 ], [ 66.622434910096871, 38.012505915731118 ], [ 66.622392692871784, 38.011071835612391 ], [ 66.622195782161526, 38.010460315273541 ], [ 66.622126611884667, 38.009859123523313 ], [ 66.622467163208867, 38.009375280907015 ], [ 66.62250013137978, 38.008963130577627 ], [ 66.62233960064188, 38.007534424914056 ], [ 66.622156256289031, 38.006993379805223 ], [ 66.622091487757046, 38.006376587573719 ], [ 66.622071009761825, 38.005488188835052 ], [ 66.622301249765783, 38.00476061616159 ], [ 66.622415150753895, 38.003976187237612 ], [ 66.622290102571398, 38.001058468154532 ], [ 66.616377933055446, 38.003724619147476 ], [ 66.612018678476204, 38.005535904288713 ], [ 66.610634015297265, 38.005925279803051 ], [ 66.607002036772059, 38.006456783597976 ], [ 66.604159048560859, 38.007066921704634 ], [ 66.601136127798256, 38.007527211628435 ], [ 66.599853513235615, 38.008022888903724 ], [ 66.598964270935852, 38.008589272000556 ], [ 66.597302028334127, 38.010204593508085 ], [ 66.596107089343192, 38.011244815671581 ], [ 66.594440175502001, 38.012191952114357 ], [ 66.589339361655689, 38.014049810127695 ], [ 66.586806921038246, 38.014832856633099 ], [ 66.582631192271549, 38.015832601789803 ], [ 66.580444153880819, 38.016539195266816 ], [ 66.579205736430126, 38.017286121710072 ], [ 66.57770833468301, 38.017881520101383 ], [ 66.574994434378169, 38.018556247199243 ], [ 66.572794639910427, 38.018844847893661 ], [ 66.565660669081581, 38.01911483500831 ], [ 66.563108285864814, 38.019688209324414 ], [ 66.562410923709763, 38.020028679163438 ], [ 66.560518532732232, 38.020594757192384 ], [ 66.559403274306973, 38.020801258877739 ], [ 66.557841104027915, 38.020956736287673 ], [ 66.556584360945408, 38.021452464288345 ], [ 66.553535658534173, 38.021869212899247 ], [ 66.552790955163644, 38.022041601341371 ], [ 66.55187772784582, 38.022523593310261 ], [ 66.551362005041184, 38.022951233802026 ], [ 66.54829030575867, 38.02405630811537 ], [ 66.546837640112699, 38.024881918524869 ], [ 66.546260831868807, 38.025558774837499 ], [ 66.546106680966048, 38.026223595207021 ], [ 66.546301705214233, 38.02670782406431 ], [ 66.546341949738931, 38.027084420708896 ], [ 66.546165610448668, 38.027623554850827 ], [ 66.545892792096879, 38.027889263944317 ], [ 66.544881558581537, 38.028139475408025 ], [ 66.544527532528107, 38.028466107639183 ], [ 66.544302594380937, 38.028878924541253 ], [ 66.54403049468138, 38.029123754858361 ], [ 66.542417479757219, 38.029215318356314 ], [ 66.541672057734459, 38.029408492903158 ], [ 66.541077103521786, 38.029834465744926 ], [ 66.540000382822242, 38.031252328931387 ], [ 66.539374167237682, 38.031823768576899 ], [ 66.53822189822273, 38.032342419076485 ], [ 66.53662963438164, 38.032601318408815 ], [ 66.535470538170529, 38.032535302350006 ], [ 66.534392649661129, 38.032408293795264 ], [ 66.533240560309238, 38.032133614930892 ], [ 66.531742080583783, 38.031956014189504 ], [ 66.530760581304364, 38.032102340249892 ], [ 66.526977416316825, 38.033150105550241 ], [ 66.525863415532982, 38.033314542774015 ], [ 66.525176204340625, 38.033341854600728 ], [ 66.523926378285836, 38.03283538129741 ], [ 66.52272155782677, 38.032559430412718 ], [ 66.521610970641021, 38.032619502886149 ], [ 66.519765112395206, 38.033352963294178 ], [ 66.518495523404184, 38.033430582589261 ], [ 66.517633949215167, 38.033934292314903 ], [ 66.511549300469724, 38.039024615715412 ], [ 66.510901435486801, 38.039449259133818 ], [ 66.509410142283656, 38.039835199991401 ], [ 66.507987390536641, 38.040535689832943 ], [ 66.506734240715303, 38.040905777256079 ], [ 66.505462405936058, 38.041045788813975 ], [ 66.504222012191732, 38.041040270425135 ], [ 66.500874889443111, 38.040885613871701 ], [ 66.499061909536707, 38.040638275905138 ], [ 66.498666650811685, 38.04100567436263 ], [ 66.49760987271145, 38.041421533516022 ], [ 66.496906222349381, 38.041542229861129 ], [ 66.495785843527045, 38.041497517053081 ], [ 66.493750171261709, 38.04120355795969 ], [ 66.492048043461338, 38.040801918080099 ], [ 66.491789328659507, 38.040650303228354 ], [ 66.490943744482593, 38.039515339710924 ], [ 66.488159595922511, 38.038339039921546 ], [ 66.485615746700944, 38.036698018502832 ], [ 66.485045136832468, 38.03640396939025 ], [ 66.484588253678979, 38.036258500961587 ], [ 66.483031742786153, 38.036235576922195 ], [ 66.482625704277737, 38.036143385419557 ], [ 66.482400137309895, 38.035794146257402 ], [ 66.482239428705569, 38.035091346923437 ], [ 66.482100100005013, 38.034921324084237 ], [ 66.479780649941389, 38.033671223108072 ], [ 66.478826998435807, 38.033389827162914 ], [ 66.477585975870781, 38.033404968938555 ], [ 66.477145711550051, 38.033541598557555 ], [ 66.476712723583077, 38.033469710607484 ], [ 66.475878817504835, 38.032773327817246 ], [ 66.47512369367702, 38.032475229807581 ], [ 66.474400909199417, 38.032386642175638 ], [ 66.47286622736803, 38.032499782430996 ], [ 66.47137753927916, 38.032426053779105 ], [ 66.470383912743401, 38.032154134510705 ], [ 66.468801530370442, 38.032120029550732 ], [ 66.467172435602677, 38.031907474629087 ], [ 66.466626529404522, 38.031666049981958 ], [ 66.466165424169191, 38.031259475492405 ], [ 66.465724351364685, 38.030655057940081 ], [ 66.465622392579917, 38.029786490854278 ], [ 66.465430063277594, 38.029239518272526 ], [ 66.465105501965439, 38.029086393521837 ], [ 66.461839856413107, 38.029266407058898 ], [ 66.461130995822415, 38.029157153612758 ], [ 66.460781820671457, 38.028951312318448 ], [ 66.459217135109597, 38.027644075693971 ], [ 66.458705364892197, 38.027559940200561 ], [ 66.456476015851621, 38.027918771392677 ], [ 66.45565926759528, 38.027880206499731 ], [ 66.454643722166608, 38.027482456208141 ], [ 66.45392596825458, 38.026871921938273 ], [ 66.453421115064899, 38.026589579960905 ], [ 66.452737227639119, 38.026522567808016 ], [ 66.451634186301732, 38.026749149307356 ], [ 66.450977068671406, 38.026672301319593 ], [ 66.450304769512769, 38.026271501667978 ], [ 66.44843959748836, 38.026022274507852 ], [ 66.447563111265652, 38.025804889989416 ], [ 66.446306817340783, 38.025882021939893 ], [ 66.445530852598381, 38.026188709093859 ], [ 66.444359988457052, 38.026465957705014 ], [ 66.443779497120445, 38.026463764062619 ], [ 66.442606566853968, 38.026041592827433 ], [ 66.441597129969225, 38.025852584434439 ], [ 66.440634944468371, 38.025821236308659 ], [ 66.439616165104667, 38.026279144054762 ], [ 66.439136824069053, 38.026780143224386 ], [ 66.438589660229496, 38.026956128984033 ], [ 66.438167721540566, 38.026946929899722 ], [ 66.437123789348874, 38.026611021006389 ], [ 66.435190974183556, 38.026412319592012 ], [ 66.433870989705099, 38.026425198403729 ], [ 66.43341168110031, 38.026352525079474 ], [ 66.43275222785023, 38.025586655663901 ], [ 66.432029892530267, 38.025111547948605 ], [ 66.430474639278884, 38.024305188139209 ], [ 66.429497451912809, 38.023949806738038 ], [ 66.428500142284378, 38.023792283486742 ], [ 66.427932496856371, 38.023800704549657 ], [ 66.427102184039256, 38.024147877946618 ], [ 66.426664524832816, 38.024211354029916 ], [ 66.425451889030796, 38.02417434401255 ], [ 66.424836632892678, 38.02403557397232 ], [ 66.423822794263032, 38.023971602381337 ], [ 66.421370034211279, 38.023928294148668 ], [ 66.41900261411152, 38.02370927581515 ], [ 66.41696011465001, 38.024008824796148 ], [ 66.416787188957812, 38.024422586753765 ], [ 66.416767785347673, 38.024975327190859 ], [ 66.416504039980268, 38.025345280949558 ], [ 66.415642645454312, 38.02582739271363 ], [ 66.415337936909964, 38.026238172360912 ], [ 66.415329852072389, 38.026843404740326 ], [ 66.414769393166608, 38.02777052641791 ], [ 66.413487048098531, 38.028212005437823 ], [ 66.412135802248173, 38.029111230321519 ], [ 66.411657449359382, 38.02920505815549 ], [ 66.410615044303697, 38.029202935355165 ], [ 66.403027064930257, 38.031081306566058 ], [ 66.400090202771892, 38.031287707939327 ], [ 66.398827261313954, 38.03117626400644 ], [ 66.397763566186029, 38.031403255660301 ], [ 66.396638156798076, 38.031879313178443 ], [ 66.395652435436787, 38.032139275505187 ], [ 66.394486152703436, 38.032280435935775 ], [ 66.392767765396457, 38.032732925808197 ], [ 66.392376099932562, 38.032985172662848 ], [ 66.392099418825055, 38.033344331061208 ], [ 66.391993417621521, 38.033728181421523 ], [ 66.392099149330491, 38.034095897566786 ], [ 66.392152329595291, 38.034827715835711 ], [ 66.391943830617834, 38.035125733517148 ], [ 66.391497188258583, 38.035439457373009 ], [ 66.388718699084805, 38.036755469731496 ], [ 66.388105059914224, 38.036940204842445 ], [ 66.387051515748993, 38.036874970972924 ], [ 66.386729469719668, 38.037024400314827 ], [ 66.386447578383482, 38.037529571116558 ], [ 66.384991858465554, 38.038384391418397 ], [ 66.384442448837788, 38.038988037684959 ], [ 66.384082493903477, 38.039460154650641 ], [ 66.382960857439699, 38.043902560425167 ], [ 66.382582846368152, 38.044509910701009 ], [ 66.381687765019052, 38.045554668730233 ], [ 66.38041107933725, 38.046194193645682 ], [ 66.379261954425814, 38.046586112127372 ], [ 66.377314406889838, 38.047899518948171 ], [ 66.374181801831085, 38.049499613623404 ], [ 66.37272455477715, 38.050385561076624 ], [ 66.371221403812257, 38.050341490325323 ], [ 66.36897462745516, 38.050051103732308 ], [ 66.36720611415528, 38.049677454781971 ], [ 66.365468143575114, 38.049555003338433 ], [ 66.364476762827564, 38.049595396067176 ], [ 66.363393843752561, 38.049978170889325 ], [ 66.360948899043763, 38.051530683913747 ], [ 66.360252704698553, 38.05217263244937 ], [ 66.359837144048143, 38.052716462792866 ], [ 66.358941883035982, 38.053385280860532 ], [ 66.358747487608497, 38.053652240485341 ], [ 66.35876976582756, 38.05376761144737 ], [ 66.358964161255031, 38.053865864073046 ], [ 66.359825735444034, 38.054135792853877 ], [ 66.360135474553971, 38.054330599327223 ], [ 66.360337595492908, 38.054585671943066 ], [ 66.36036553309826, 38.054909851968702 ], [ 66.360210304217148, 38.055188194353669 ], [ 66.359890324312943, 38.055274915297211 ], [ 66.358769586164499, 38.055239264938074 ], [ 66.358384119076078, 38.05531410237829 ], [ 66.358217571422372, 38.055540028931134 ], [ 66.358155138510142, 38.056175293312386 ], [ 66.358435502710321, 38.056452994281642 ], [ 66.35853737166353, 38.056924998631281 ], [ 66.358532520761017, 38.057425858901794 ], [ 66.358318182734223, 38.057880315367626 ], [ 66.357947807342583, 38.058268634687678 ], [ 66.356880968111156, 38.05893351179926 ], [ 66.356244062574717, 38.059023552671306 ], [ 66.354515793799592, 38.058995118723701 ], [ 66.353691140368767, 38.059164378353586 ], [ 66.35294275390558, 38.059418939007102 ], [ 66.352520635553546, 38.059774714152383 ], [ 66.352200026828669, 38.060247616568411 ], [ 66.352063572737009, 38.060735156945604 ], [ 66.35206707616662, 38.061371932267754 ], [ 66.35175275564869, 38.062398131108615 ], [ 66.351580548608737, 38.062780485339673 ], [ 66.3513777988491, 38.062911614133043 ], [ 66.350202712625972, 38.062916423598885 ], [ 66.349618089039041, 38.063017988127193 ], [ 66.348809335788772, 38.063479906915703 ], [ 66.348344277966149, 38.063563364600419 ], [ 66.347803402333611, 38.063551128861093 ], [ 66.346962579227664, 38.063072872521126 ], [ 66.345909933377726, 38.062976046803556 ], [ 66.345563543004189, 38.063062121973005 ], [ 66.345170799561956, 38.06333505809787 ], [ 66.343491309306771, 38.065238509945871 ], [ 66.341642935778168, 38.066334388586121 ], [ 66.340824301059754, 38.066702082426843 ], [ 66.340266087942197, 38.066438918779198 ], [ 66.338612289504113, 38.066171864349137 ], [ 66.335963427225863, 38.066038761115045 ], [ 66.333820406284048, 38.065791791029632 ], [ 66.332160139975926, 38.065701899935391 ], [ 66.331668671683985, 38.065784647838939 ], [ 66.331333150925389, 38.065933593829527 ], [ 66.330420282933645, 38.065985929955538 ], [ 66.329739270116775, 38.065834791608488 ], [ 66.328952795085513, 38.065315883264816 ], [ 66.328087537803853, 38.065150103402637 ], [ 66.326754078596096, 38.065151022831259 ], [ 66.32613819363732, 38.065387527773332 ], [ 66.324071529494688, 38.065580536174181 ], [ 66.3228755125254, 38.066158638905804 ], [ 66.322314065472824, 38.066709508423081 ], [ 66.321297801391907, 38.068147591424754 ], [ 66.320508721246341, 38.069872702090102 ], [ 66.320087411378069, 38.070562367221093 ], [ 66.319557674855034, 38.070967804116073 ], [ 66.318712539835715, 38.071334696756423 ], [ 66.317051734538438, 38.072340530422203 ], [ 66.31629903616188, 38.073064399624862 ], [ 66.31596665950677, 38.073850068231131 ], [ 66.315453362153406, 38.074527249809563 ], [ 66.315051815221409, 38.074674622246363 ], [ 66.314709197772046, 38.074656377498236 ], [ 66.313900803847886, 38.074376906988924 ], [ 66.313514797770267, 38.074462049433293 ], [ 66.3131493631127, 38.07470418155733 ], [ 66.312911758720048, 38.075064054602869 ], [ 66.312851212269891, 38.076356938184908 ], [ 66.312374027190984, 38.077128852966759 ], [ 66.311998082244571, 38.077297646364862 ], [ 66.311320033868114, 38.077062947772177 ], [ 66.310740710341406, 38.077018398089798 ], [ 66.310180520930217, 38.077172554017977 ], [ 66.309870512325659, 38.077342903011981 ], [ 66.309765589100479, 38.077684943359642 ], [ 66.309804935309913, 38.07805116589072 ], [ 66.310584313650423, 38.079123234860077 ], [ 66.310582606851384, 38.079530250662572 ], [ 66.310209536513909, 38.079980963572638 ], [ 66.30976460095367, 38.080231704130149 ], [ 66.30725012664189, 38.080382812731116 ], [ 66.306952604619781, 38.080574296649196 ], [ 66.306748776881847, 38.081091541136828 ], [ 66.306273029107359, 38.081821687551368 ], [ 66.305613216531171, 38.082526725170169 ], [ 66.305068837468994, 38.083328342774543 ], [ 66.304467954375426, 38.083867769838179 ], [ 66.303749212316632, 38.0847384528644 ], [ 66.302571610810674, 38.085880422005246 ], [ 66.301812534395609, 38.086771019698574 ], [ 66.301531092217061, 38.087599599537633 ], [ 66.301760971098275, 38.088888726373249 ], [ 66.301766271158456, 38.089462897689586 ], [ 66.30156657567079, 38.089865331047726 ], [ 66.301256926392355, 38.090025257392504 ], [ 66.300911973323267, 38.090069516345629 ], [ 66.300338309182806, 38.089868441908322 ], [ 66.299942421637084, 38.089859321430232 ], [ 66.299198616581862, 38.089257720869639 ], [ 66.298869833187865, 38.089218834777519 ], [ 66.298682085293493, 38.089298020979669 ], [ 66.298623155810844, 38.089463675409036 ], [ 66.29869205659314, 38.090101968180853 ], [ 66.298564495822802, 38.090339099454376 ], [ 66.298316201478272, 38.090625649725382 ], [ 66.297686392632571, 38.090872111754159 ], [ 66.297105272475264, 38.091589363848058 ], [ 66.296988940645988, 38.091878878593995 ], [ 66.296937287517139, 38.092921475676441 ], [ 66.296809367420664, 38.093169061135086 ], [ 66.2964581261446, 38.093380165606725 ], [ 66.296112005265613, 38.093455671009821 ], [ 66.295086129211157, 38.093338100296798 ], [ 66.294119362302382, 38.09340978805411 ], [ 66.293281144310782, 38.093578331774602 ], [ 66.291565451949623, 38.094258936208902 ], [ 66.291184386606119, 38.094563286717602 ], [ 66.291147645510989, 38.094844235400139 ], [ 66.291216815787877, 38.095117194321325 ], [ 66.292306472227509, 38.096008669217994 ], [ 66.292360910133709, 38.096323051149767 ], [ 66.292270988773794, 38.096613254093768 ], [ 66.291761105018509, 38.097185950846445 ], [ 66.29198047361092, 38.098756690574504 ], [ 66.291624381432271, 38.099458242341449 ], [ 66.291415433297175, 38.100465809894686 ], [ 66.291157796473698, 38.10064776862427 ], [ 66.290543258987825, 38.100477049782747 ], [ 66.290197317771927, 38.100187215639423 ], [ 66.289672342319875, 38.099381824141496 ], [ 66.289165782331168, 38.099150943137097 ], [ 66.288659312173991, 38.099274937496531 ], [ 66.288347237444256, 38.099497405754285 ], [ 66.288032198274109, 38.100158090778983 ], [ 66.287665775469748, 38.101496055089598 ], [ 66.287425925288886, 38.101908035996722 ], [ 66.286972725228054, 38.102377697052468 ], [ 66.286661818308218, 38.102568840603347 ], [ 66.286263954468851, 38.102611819557751 ], [ 66.285052845802809, 38.102500342842504 ], [ 66.284628212168016, 38.102553147623567 ], [ 66.284223071974893, 38.102794267765375 ], [ 66.283568649290402, 38.102987884330517 ], [ 66.280430564508407, 38.104616533483764 ], [ 66.27842839940314, 38.105175525006501 ], [ 66.277677317994076, 38.105481667893571 ], [ 66.274000154210071, 38.107389889580794 ], [ 66.272244846144915, 38.107704010494764 ], [ 66.271749515097241, 38.107880367166558 ], [ 66.271356232665852, 38.1081530653423 ], [ 66.270659858657595, 38.108763133702553 ], [ 66.270586825625017, 38.109659036466851 ], [ 66.270619883627461, 38.109837296834399 ], [ 66.271353897046126, 38.110699754213407 ], [ 66.271498346143787, 38.111078887311564 ], [ 66.271556916300312, 38.111988261550273 ], [ 66.271789490127375, 38.11283910215176 ], [ 66.271895132004815, 38.114261082191682 ], [ 66.271717265578545, 38.114778795073924 ], [ 66.271276282605569, 38.115269576429981 ], [ 66.271189685012175, 38.115465845643001 ], [ 66.271112429897741, 38.116121650973689 ], [ 66.271380307515457, 38.116733207637914 ], [ 66.271524307455508, 38.117477627670453 ], [ 66.271836831342839, 38.117954609421609 ], [ 66.271999516240797, 38.118553288137718 ], [ 66.271570121535007, 38.118731173430653 ], [ 66.27079244999355, 38.118681843345186 ], [ 66.270094459017798, 38.118268967598141 ], [ 66.269598229654832, 38.117756438688559 ], [ 66.269321458715808, 38.117739547506396 ], [ 66.269078015273791, 38.117890437217397 ], [ 66.269003455105207, 38.118118361365404 ], [ 66.269034087656408, 38.118359147436749 ], [ 66.269405271531795, 38.119035775369305 ], [ 66.269342389461897, 38.119305675654132 ], [ 66.269166050171648, 38.119426808895703 ], [ 66.268395385489413, 38.11954454964858 ], [ 66.26747919373112, 38.119314509765474 ], [ 66.266766739879287, 38.11928744204495 ], [ 66.266300783741414, 38.119381012921366 ], [ 66.265879114547076, 38.119705188436718 ], [ 66.265506762861776, 38.120124416552748 ], [ 66.265401570142032, 38.120466398056372 ], [ 66.265533891983353, 38.121168801415898 ], [ 66.265630101550286, 38.121421520802684 ], [ 66.265837432717873, 38.121530777850658 ], [ 66.266882263224829, 38.121857770639011 ], [ 66.267301506967939, 38.122305890428258 ], [ 66.267268538796998, 38.122482565192477 ], [ 66.266231793127588, 38.123001209160712 ], [ 66.265151209672325, 38.1232787270458 ], [ 66.264800237890825, 38.123479285532966 ], [ 66.26453775016482, 38.123786270395641 ], [ 66.264078351728514, 38.124057354481998 ], [ 66.263530469236713, 38.124222082093887 ], [ 66.262457701124433, 38.124290983494419 ], [ 66.261963807381207, 38.124425606043239 ], [ 66.261506385238533, 38.124644534991411 ], [ 66.261286208162403, 38.124879434139892 ], [ 66.261168079702529, 38.12521072262907 ], [ 66.261224763396967, 38.125462509355401 ], [ 66.261960303951611, 38.126993139138321 ], [ 66.262104214060116, 38.127737525237052 ], [ 66.262084361292338, 38.128269346084636 ], [ 66.26182142440868, 38.128586769065151 ], [ 66.261402809486285, 38.12882752061455 ], [ 66.260882505273713, 38.128961498825831 ], [ 66.260393282769982, 38.128970967740777 ], [ 66.25948778096361, 38.128803706950997 ], [ 66.258613810023661, 38.12850147767417 ], [ 66.25798355202032, 38.128392867034492 ], [ 66.257625573379627, 38.128426220481678 ], [ 66.2574795073144, 38.128798548500633 ], [ 66.257551642031729, 38.128988138978862 ], [ 66.258820512370562, 38.129685725943972 ], [ 66.259748831385153, 38.130302327348062 ], [ 66.259906036559869, 38.130692240606102 ], [ 66.259900107679002, 38.131203477468702 ], [ 66.259752424646294, 38.131617551971189 ], [ 66.259147768628551, 38.132240143188255 ], [ 66.258739394500381, 38.133618784738815 ], [ 66.257776490347354, 38.134629555306994 ], [ 66.25739587416146, 38.134912964241117 ], [ 66.256830833847772, 38.135181533995478 ], [ 66.256324812848206, 38.135284552597156 ], [ 66.254073634746192, 38.135409333507084 ], [ 66.253539586309785, 38.135553403612768 ], [ 66.25270064966594, 38.136076476745323 ], [ 66.252484245513998, 38.136562027701331 ], [ 66.252474094551303, 38.136833135000423 ], [ 66.252583150026794, 38.137096610480086 ], [ 66.253136422410293, 38.137495743284454 ], [ 66.253273415491122, 38.137718165787007 ], [ 66.253245927043437, 38.138802995683875 ], [ 66.253497904480611, 38.139132454638428 ], [ 66.253911039679778, 38.13939260110417 ], [ 66.254317976503501, 38.139464738240719 ], [ 66.25588032644562, 38.139386454253803 ], [ 66.256232196542427, 38.139519918509585 ], [ 66.256584695459907, 38.139987430073155 ], [ 66.256549301837694, 38.140226660311654 ], [ 66.256385718624486, 38.140358498022827 ], [ 66.255262824519335, 38.14105244372027 ], [ 66.254491531016384, 38.141180535398391 ], [ 66.253335848403353, 38.140986525521399 ], [ 66.252952088113986, 38.140998395040711 ], [ 66.252787337090894, 38.141516412895129 ], [ 66.252925048823926, 38.142072790495881 ], [ 66.253748175118787, 38.142676570200422 ], [ 66.25465619220796, 38.142781344475395 ], [ 66.255888051957058, 38.142705748756008 ], [ 66.256592510802875, 38.142951823132613 ], [ 66.25670156627838, 38.143215347169082 ], [ 66.256614968684985, 38.143411611905449 ], [ 66.256016331379655, 38.143867300132023 ], [ 66.254921374879828, 38.144520165699348 ], [ 66.254628524097228, 38.144575907332403 ], [ 66.254072466936336, 38.14424979344782 ], [ 66.253716734083838, 38.144220544860929 ], [ 66.253005897199486, 38.144496215859128 ], [ 66.252636869280792, 38.144821551512145 ], [ 66.251243043285953, 38.145686562855815 ], [ 66.251177286607145, 38.146029413664316 ], [ 66.251240078845498, 38.146469260703782 ], [ 66.251356141180224, 38.146899921088441 ], [ 66.251573174152867, 38.147103311157188 ], [ 66.251680253334726, 38.147418956726582 ], [ 66.251648273310607, 38.147919197052857 ], [ 66.250655365427065, 38.149722463957701 ], [ 66.249312743403436, 38.151684559293564 ], [ 66.249001926315117, 38.152919292427669 ], [ 66.248325405074667, 38.153686230678176 ], [ 66.248083309105567, 38.154150260783297 ], [ 66.24793302095857, 38.154981749571924 ], [ 66.247321268250076, 38.156136394943005 ], [ 66.247186790452034, 38.156195871469961 ], [ 66.246575936058846, 38.155920597873241 ], [ 66.245763859041986, 38.155369199906794 ], [ 66.245359617164127, 38.155224038718941 ], [ 66.244990589245418, 38.155194511979673 ], [ 66.244439742313205, 38.155432067679506 ], [ 66.243582749532123, 38.156424382378219 ], [ 66.243104576306436, 38.156486189687868 ], [ 66.242397692009334, 38.156302604165674 ], [ 66.241048691947157, 38.156323088914014 ], [ 66.24048329230736, 38.15589227225302 ], [ 66.240230326723349, 38.155239225912709 ], [ 66.240016887011834, 38.154941980168601 ], [ 66.238913396516821, 38.154759450337451 ], [ 66.238483283158786, 38.154947631239644 ], [ 66.237917434361307, 38.155581396081963 ], [ 66.237784393867742, 38.15595400937621 ], [ 66.237737950967571, 38.156485271408208 ], [ 66.237614342784454, 38.156607614409914 ], [ 66.237152518896892, 38.156586282099937 ], [ 66.236813854034779, 38.156453060976432 ], [ 66.23604390800476, 38.155840000505954 ], [ 66.235611998016168, 38.155725426356412 ], [ 66.234540757039852, 38.155741955560515 ], [ 66.234281682911913, 38.155600185726861 ], [ 66.233579829180414, 38.154936541012248 ], [ 66.233057458842708, 38.154068319313971 ], [ 66.232761553788109, 38.153852657403434 ], [ 66.232405012451849, 38.153844251308868 ], [ 66.232094554689652, 38.154014350916661 ], [ 66.231899081283842, 38.154291538962433 ], [ 66.231787241030943, 38.155499597496366 ], [ 66.23171178254708, 38.15574831294569 ], [ 66.231493761427643, 38.155920597873241 ], [ 66.231212858238294, 38.156007905700811 ], [ 66.22990895360337, 38.155883230656208 ], [ 66.22943033122003, 38.155955422124443 ], [ 66.229000667019605, 38.15613314563015 ], [ 66.228512342831166, 38.156810482953453 ], [ 66.228161460881196, 38.157000495109521 ], [ 66.226629473995672, 38.156964329265151 ], [ 66.225479899926569, 38.157302465082317 ], [ 66.22496282964903, 38.157342445106593 ], [ 66.224556970803675, 38.157238892560386 ], [ 66.224394824894887, 38.156984531281964 ], [ 66.224100896133933, 38.15567294257675 ], [ 66.223790887529375, 38.155133268680899 ], [ 66.223317475374643, 38.155069906182739 ], [ 66.222850890416055, 38.155173673723453 ], [ 66.22240478704596, 38.155434469368657 ], [ 66.220902175070222, 38.156713993319649 ], [ 66.219945109966517, 38.15720279747044 ], [ 66.219185584393799, 38.157362223202362 ], [ 66.218471603405973, 38.157366178820887 ], [ 66.217872067785365, 38.157143251128481 ], [ 66.216323641730114, 38.15580185623449 ], [ 66.215930179635677, 38.155719422157404 ], [ 66.21549243059772, 38.155761239627189 ], [ 66.215166701475709, 38.155983111983723 ], [ 66.214448588237573, 38.156790634071463 ], [ 66.213752483723923, 38.157369074898625 ], [ 66.213209901292302, 38.157731931334183 ], [ 66.212527181676364, 38.157955775488048 ], [ 66.211769362902686, 38.158417871280783 ], [ 66.211372846536278, 38.158763275731232 ], [ 66.2110320257175, 38.159381467914528 ], [ 66.210475160072846, 38.160119661060833 ], [ 66.209841757966032, 38.160783046707721 ], [ 66.209120051466783, 38.162028785578784 ], [ 66.208652658024434, 38.162497777404816 ], [ 66.2082721316701, 38.162770554094351 ], [ 66.206976311872751, 38.163125896821761 ], [ 66.206463284013992, 38.163405946071421 ], [ 66.205571706094517, 38.164595419433361 ], [ 66.204926715720504, 38.165216740448393 ], [ 66.203965428534957, 38.165809663772549 ], [ 66.203461114334445, 38.16586023330516 ], [ 66.202430028051353, 38.16551210797693 ], [ 66.202098190385385, 38.165201555332693 ], [ 66.201992907834097, 38.164844174486966 ], [ 66.202065222214486, 38.164334444664391 ], [ 66.202736173900163, 38.162690953130628 ], [ 66.202824568124129, 38.161764128769512 ], [ 66.202702846403142, 38.161489865041609 ], [ 66.202473865837206, 38.161254730573496 ], [ 66.201111031719662, 38.160596010990616 ], [ 66.2009457417074, 38.160425079137774 ], [ 66.200994879553434, 38.159831335051102 ], [ 66.201307044114657, 38.15961957504588 ], [ 66.201735181179075, 38.15913926321489 ], [ 66.20207249856827, 38.158615013366962 ], [ 66.202073217220487, 38.158249689094106 ], [ 66.201917988339403, 38.158162525221101 ], [ 66.201288718482871, 38.158085956546479 ], [ 66.200816204643417, 38.158282393178453 ], [ 66.200478078770487, 38.158483067378988 ], [ 66.200038712765036, 38.158910902083136 ], [ 66.199109944592777, 38.160036878697511 ], [ 66.198562690921676, 38.160200536231187 ], [ 66.198369103977939, 38.160050510953219 ], [ 66.198297508249809, 38.159850476769108 ], [ 66.198454174435369, 38.157829408519405 ], [ 66.198406114567646, 38.157014127932904 ], [ 66.198189171426563, 38.156810624226644 ], [ 66.197773790439157, 38.156612841531306 ], [ 66.19748282611863, 38.15661637336985 ], [ 66.197240730149559, 38.156725365823384 ], [ 66.196691320521794, 38.157609872761974 ], [ 66.196293905840122, 38.157976118501132 ], [ 66.195683231109967, 38.158044988034462 ], [ 66.195370707222636, 38.157922718079732 ], [ 66.195077766608492, 38.157633888932352 ], [ 66.194883191517945, 38.15719093058766 ], [ 66.194667865344314, 38.156945681244657 ], [ 66.194314557943088, 38.156853783164927 ], [ 66.193957926775312, 38.15684523614317 ], [ 66.193543803429307, 38.156960585534136 ], [ 66.192508854390468, 38.157405523086226 ], [ 66.19190141359536, 38.157390972067745 ], [ 66.19155044181386, 38.156891997522656 ], [ 66.191513610887199, 38.156473616319396 ], [ 66.191598411850023, 38.155985089830416 ], [ 66.191087809442536, 38.155858083709177 ], [ 66.190722823942579, 38.156068512529338 ], [ 66.190447490308003, 38.156354169210921 ], [ 66.190043338261688, 38.156553294707606 ], [ 66.188695506009381, 38.156541851540204 ], [ 66.188006677849515, 38.157266370023841 ], [ 66.187683733504883, 38.157415200218217 ], [ 66.186985832360648, 38.1573463300901 ], [ 66.186050596318353, 38.156572366649279 ], [ 66.185707619542868, 38.156553718528606 ], [ 66.18554520413953, 38.156654234668352 ], [ 66.185510708832609, 38.156862118276088 ], [ 66.185672405583745, 38.157471355813037 ], [ 66.185896445415594, 38.157831598222813 ], [ 66.185876862142393, 38.15799815675885 ], [ 66.185752714970135, 38.158130809977251 ], [ 66.185144016533627, 38.158147550541955 ], [ 66.184150749323976, 38.157852365083926 ], [ 66.182175982834877, 38.156959525987602 ], [ 66.181818183857231, 38.156982270916721 ], [ 66.181078960209931, 38.157298509460333 ], [ 66.180453463277573, 38.157408701706395 ], [ 66.180272991736999, 38.157289609310133 ], [ 66.180150192037686, 38.157046550025925 ], [ 66.180248377898238, 38.156213954584942 ], [ 66.180214062254365, 38.155732984582677 ], [ 66.17981107801792, 38.155556319668683 ], [ 66.179482114960877, 38.155517115681349 ], [ 66.178390392396068, 38.155720481722014 ], [ 66.177932251601177, 38.155605130369416 ], [ 66.177676141913679, 38.155390179383041 ], [ 66.177508965439316, 38.154926934189717 ], [ 66.177503845042182, 38.154373621458802 ], [ 66.177291034151381, 38.154065846940618 ], [ 66.176970155931897, 38.153818044066576 ], [ 66.176447965257211, 38.153648932955896 ], [ 66.175869719708842, 38.153561975502853 ], [ 66.174612347805649, 38.153604783165299 ], [ 66.173340962184056, 38.154012514295125 ], [ 66.171666771989038, 38.154921989501176 ], [ 66.170431049484208, 38.154746099646879 ], [ 66.170112147558356, 38.154790531300705 ], [ 66.169971201890263, 38.155016786186415 ], [ 66.169987102070792, 38.155288531292065 ], [ 66.170630655140329, 38.156420850530367 ], [ 66.170616192264262, 38.156796214362679 ], [ 66.170303937871495, 38.157007841294458 ], [ 66.169718056643191, 38.157119022887649 ], [ 66.169177001347563, 38.157095501001834 ], [ 66.167234304714114, 38.156401496001116 ], [ 66.166667737264447, 38.15635650023264 ], [ 66.166177885940016, 38.156375996047814 ], [ 66.165723248574707, 38.156511124507681 ], [ 66.165187134013166, 38.157040969753858 ], [ 66.165256214458495, 38.157647945451963 ], [ 66.165514569934217, 38.158144725130462 ], [ 66.165820176793872, 38.158444359410069 ], [ 66.166786853871102, 38.159083532710824 ], [ 66.166841920598017, 38.159366634753937 ], [ 66.166784158925239, 38.159834937367407 ], [ 66.166271400561087, 38.161127168571191 ], [ 66.165544573664704, 38.16248732400544 ], [ 66.165059663074331, 38.163060139830698 ], [ 66.164381524866371, 38.163502991890759 ], [ 66.162363639243623, 38.164403943855149 ], [ 66.162209039183253, 38.164640268859813 ], [ 66.162307045380714, 38.164840996190982 ], [ 66.163170326368771, 38.165759447344414 ], [ 66.163389515298093, 38.166244871367461 ], [ 66.16335888274692, 38.16669293048075 ], [ 66.163175895923544, 38.166980734968604 ], [ 66.162946106873846, 38.167110829286869 ], [ 66.162573485693983, 38.167174887587393 ], [ 66.162138431601889, 38.167143529396618 ], [ 66.161799407413682, 38.167020497806028 ], [ 66.160480051755883, 38.165590010786566 ], [ 66.160053531658974, 38.165339633826584 ], [ 66.159502505063699, 38.165232349331475 ], [ 66.159065384846457, 38.16525311408477 ], [ 66.158166620404714, 38.165930578574333 ], [ 66.157449674976434, 38.167030032408597 ], [ 66.156353281172173, 38.168026285562966 ], [ 66.156093488392017, 38.168162310564576 ], [ 66.154560333696594, 38.16857772906571 ], [ 66.154043802408225, 38.168940953469004 ], [ 66.15304451648619, 38.170158727231993 ], [ 66.152284990913444, 38.170651749262511 ], [ 66.15184706221244, 38.170693275675731 ], [ 66.151307534052805, 38.170628019872886 ], [ 66.151100831705918, 38.170163741510947 ], [ 66.151438957578861, 38.168950840944454 ], [ 66.152046667868561, 38.167942735293302 ], [ 66.151904284896048, 38.167866176889497 ], [ 66.151425932007257, 38.167927691997086 ], [ 66.149231617262743, 38.168938975973745 ], [ 66.14835800564893, 38.16998230914178 ], [ 66.146694146079668, 38.17128827313141 ], [ 66.145975134526267, 38.172095343223098 ], [ 66.145139970806625, 38.172492448371557 ], [ 66.144136911960388, 38.173125636988757 ], [ 66.143288363343004, 38.174200830353527 ], [ 66.142550217674042, 38.174819527207255 ], [ 66.142022906602236, 38.175119799143772 ], [ 66.141783505579042, 38.175155744125661 ], [ 66.14127407098141, 38.174997204730253 ], [ 66.140503496130719, 38.174414807830075 ], [ 66.140136803831737, 38.173988405887371 ], [ 66.13967021887315, 38.173747379637824 ], [ 66.13930442488946, 38.173634104793429 ], [ 66.138866945346081, 38.173665177710902 ], [ 66.138222673624313, 38.173910441433293 ], [ 66.138004472841814, 38.174082542204914 ], [ 66.137974918268966, 38.174499268733705 ], [ 66.138043100399031, 38.174782734629474 ], [ 66.138297952445114, 38.175029053874788 ], [ 66.139479147212228, 38.175590119116464 ], [ 66.139903241857851, 38.17590309913389 ], [ 66.140086677838866, 38.176283305902786 ], [ 66.139981934276733, 38.176593881951057 ], [ 66.139658450942946, 38.17675298281096 ], [ 66.138364068450059, 38.17705543590683 ], [ 66.137686738725805, 38.177132832061126 ], [ 66.136785997990415, 38.177173507379401 ], [ 66.135683765136818, 38.176958690598276 ], [ 66.135220503944794, 38.176634275100668 ], [ 66.134267391428324, 38.175650780285316 ], [ 66.133636145278174, 38.17522834022369 ], [ 66.132893058875169, 38.174959706052192 ], [ 66.132211057911448, 38.174817761728903 ], [ 66.131259203036421, 38.174815360678302 ], [ 66.129663076439613, 38.175058148868253 ], [ 66.127938221262553, 38.17521428709361 ], [ 66.126050950682142, 38.17512629607694 ], [ 66.125402546710063, 38.175475717240296 ], [ 66.125291155614818, 38.175619072649198 ], [ 66.125218751402926, 38.176452293898599 ], [ 66.125111941715645, 38.176814984738648 ], [ 66.124639427876204, 38.177398280473355 ], [ 66.124282437382291, 38.177733991179977 ], [ 66.123592710907161, 38.177790131124084 ], [ 66.123224940629839, 38.177728906805562 ], [ 66.122994163433333, 38.177545869089776 ], [ 66.121373961986905, 38.175710947075835 ], [ 66.120986338941819, 38.175482214141795 ], [ 66.120370004825375, 38.175352276002087 ], [ 66.119591524800171, 38.175312305853872 ], [ 66.118578225159666, 38.175527480580577 ], [ 66.116730390620248, 38.176786737853305 ], [ 66.116151336588089, 38.177054306035323 ], [ 66.115621689896571, 38.177072595827696 ], [ 66.115512634421066, 38.176485413522535 ], [ 66.115635613783482, 38.176050125835097 ], [ 66.115619084782253, 38.175799219859307 ], [ 66.115251314504917, 38.175737993868033 ], [ 66.114332876958457, 38.176226811708965 ], [ 66.113665877860001, 38.176711389233091 ], [ 66.113361708304794, 38.177048303592812 ], [ 66.113248700242039, 38.177567407116506 ], [ 66.113535262817663, 38.178346796933269 ], [ 66.113875814141863, 38.178762228001503 ], [ 66.11417306666938, 38.178936506384574 ], [ 66.115435019980524, 38.179458067969257 ], [ 66.115690590678881, 38.179683540160305 ], [ 66.115652232616213, 38.179985274951051 ], [ 66.115008320220568, 38.180553928299176 ], [ 66.113022863779605, 38.181945426143834 ], [ 66.112700907581768, 38.182062712959443 ], [ 66.112423507822058, 38.182055934196192 ], [ 66.112099485499073, 38.181891337157438 ], [ 66.111521419613709, 38.181125684182213 ], [ 66.111492943019229, 38.180843160933129 ], [ 66.111979560408614, 38.179905410329283 ], [ 66.112581341817474, 38.179064319682574 ], [ 66.112703872022223, 38.178639427869413 ], [ 66.112686534537247, 38.178409433045708 ], [ 66.112439318171027, 38.178309370594576 ], [ 66.112000940312413, 38.178361202537737 ], [ 66.109715805892634, 38.17997489467362 ], [ 66.108655344699756, 38.18037668800735 ], [ 66.108149683026312, 38.180458105613276 ], [ 66.107040083987371, 38.180430778118186 ], [ 66.10577606455108, 38.179961266143827 ], [ 66.104420866113458, 38.179792145056915 ], [ 66.104280549266107, 38.179997420579937 ], [ 66.104468746318119, 38.180586551764058 ], [ 66.104709764308836, 38.180842949093289 ], [ 66.105125055464683, 38.181041089732645 ], [ 66.105355024177427, 38.181245090704657 ], [ 66.105501988557918, 38.181540887568879 ], [ 66.105467313587951, 38.181748841437027 ], [ 66.104933534646108, 38.18187135387948 ], [ 66.10403234475308, 38.181588127396097 ], [ 66.103766084102858, 38.181633743104555 ], [ 66.10358696003523, 38.181817194225701 ], [ 66.103469729890648, 38.182106563068999 ], [ 66.104090555583497, 38.183123864079505 ], [ 66.104209402695588, 38.183460748789287 ], [ 66.104095047159916, 38.183677099833417 ], [ 66.103839117135479, 38.183796007901272 ], [ 66.102668342825666, 38.183975852454715 ], [ 66.102196906964565, 38.184193826000246 ], [ 66.101677141741177, 38.184629771134823 ], [ 66.101632136145469, 38.185098335105266 ], [ 66.101706426819447, 38.185225431503511 ], [ 66.101928131031571, 38.185303948723146 ], [ 66.102579948601715, 38.185205237312829 ], [ 66.103241737471535, 38.184856286462477 ], [ 66.103742907568545, 38.184889543485269 ], [ 66.103936943669922, 38.184998705495836 ], [ 66.103846034163169, 38.185622676927444 ], [ 66.103553812201227, 38.185991182610181 ], [ 66.102850700828355, 38.186380868810495 ], [ 66.10180874493031, 38.186647413253333 ], [ 66.10130874264317, 38.186916851624673 ], [ 66.101314132534867, 38.187115258174011 ], [ 66.101426421945376, 38.187284997725349 ], [ 66.103088035726444, 38.188401074849892 ], [ 66.103513208350392, 38.189016968125991 ], [ 66.103956616774624, 38.189173994307154 ], [ 66.104301749506803, 38.189474771928424 ], [ 66.104489138075067, 38.189750766075498 ], [ 66.104482939699594, 38.189907155234152 ], [ 66.104031266774754, 38.190292584237177 ], [ 66.10327659210455, 38.190649699086087 ], [ 66.102915289697293, 38.191089559373971 ], [ 66.102463616772425, 38.191475052722978 ], [ 66.100301012557452, 38.192319177187073 ], [ 66.099945100041879, 38.192623471914118 ], [ 66.099720880546954, 38.192941462075439 ], [ 66.099888057021317, 38.194082021492612 ], [ 66.101126833798148, 38.195501994768598 ], [ 66.101182170019641, 38.195774718530089 ], [ 66.101133481331232, 38.196003105362301 ], [ 66.100941062197393, 38.196186237902864 ], [ 66.100620183977881, 38.196272226731786 ], [ 66.099933960932333, 38.196234386011703 ], [ 66.098841519715322, 38.195769070624102 ], [ 66.098391104431855, 38.195789191287211 ], [ 66.098118555574658, 38.195991244796375 ], [ 66.097922363516616, 38.196268132027967 ], [ 66.098008961109997, 38.197418381762056 ], [ 66.098251596068252, 38.198635044239126 ], [ 66.098158620436337, 38.199311139463752 ], [ 66.097784921278162, 38.199729839540076 ], [ 66.096481825127, 38.1998530276895 ], [ 66.095731911527807, 38.199804246619166 ], [ 66.094119076266708, 38.200119169856698 ], [ 66.093189948768355, 38.2005345473587 ], [ 66.092854966998914, 38.200974983287388 ], [ 66.092659134266967, 38.201575522101344 ], [ 66.092229559898101, 38.202399834210368 ], [ 66.09158888143746, 38.20320846564946 ], [ 66.09123916729736, 38.203356354932424 ], [ 66.09045296176069, 38.203169852025908 ], [ 66.090128849606174, 38.203005232106605 ], [ 66.089822524094302, 38.202726323323418 ], [ 66.089595609653514, 38.20211534628676 ], [ 66.089556892264795, 38.201759487743473 ], [ 66.089105399002975, 38.200808946526365 ], [ 66.08876152391224, 38.200476871868347 ], [ 66.087975857364739, 38.199946001071744 ], [ 66.087065504655811, 38.199558081732221 ], [ 66.085848377277344, 38.199235602353262 ], [ 66.084832382691019, 38.198845067182702 ], [ 66.082897142074444, 38.198619513106671 ], [ 66.079928479554994, 38.198441328422362 ], [ 66.079617572635172, 38.198610970982379 ], [ 66.079338735570985, 38.19896938636073 ], [ 66.07938508863964, 38.199794998684609 ], [ 66.079886079073589, 38.201487845296406 ], [ 66.079842420950783, 38.202248625134793 ], [ 66.079561966919101, 38.202648742583541 ], [ 66.079138950251803, 38.202972195131117 ], [ 66.078585588036773, 38.203250608831333 ], [ 66.077127801993697, 38.203652626735312 ], [ 66.076291021306545, 38.204070172392342 ], [ 66.074317422627345, 38.205461220999076 ], [ 66.073941298017886, 38.206265936058209 ], [ 66.073518281350587, 38.206589372534459 ], [ 66.072238900722922, 38.206828807777981 ], [ 66.071894756137596, 38.207164665203329 ], [ 66.071514948435464, 38.207729153479939 ], [ 66.071102711551603, 38.208772989970115 ], [ 66.070786684234619, 38.209067828009374 ], [ 66.070372021899502, 38.209182671231794 ], [ 66.070028056977193, 38.209184506463117 ], [ 66.06896858393111, 38.208886704279962 ], [ 66.06850307695089, 38.20894811416855 ], [ 66.065538636513296, 38.21096141220179 ], [ 66.064481858413046, 38.211582055517084 ], [ 66.063785125078695, 38.211804604935644 ], [ 66.062963256425235, 38.211846672557698 ], [ 66.062265355280999, 38.211766560538386 ], [ 66.05979696454331, 38.210650629760835 ], [ 66.058804056659767, 38.210343939905258 ], [ 66.057484701001968, 38.210258673543223 ], [ 66.056936638847134, 38.210401466409351 ], [ 66.056422712673097, 38.210680769292573 ], [ 66.055779518929654, 38.21154132882922 ], [ 66.055294967665418, 38.211748350040658 ], [ 66.054739090167615, 38.211755267206975 ], [ 66.054372487700149, 38.211662591239964 ], [ 66.053231896783913, 38.211080769811289 ], [ 66.050631363867893, 38.209637736601259 ], [ 66.04939474304777, 38.20947094315644 ], [ 66.047612665187145, 38.209707898435454 ], [ 66.047075652310284, 38.209903137147386 ], [ 66.046112298999617, 38.210828643394933 ], [ 66.045554445208154, 38.211211138307178 ], [ 66.044717844184078, 38.211617982507001 ], [ 66.044061175711406, 38.21215462657387 ], [ 66.043535571438639, 38.213049400996333 ], [ 66.042568265540709, 38.21406866955472 ], [ 66.041262833769821, 38.215924787205829 ], [ 66.040187640206241, 38.216993561436709 ], [ 66.040056037017138, 38.217303328699863 ], [ 66.040070230398598, 38.217606389767681 ], [ 66.040873144599573, 38.218357190953725 ], [ 66.040940608077406, 38.218651143246426 ], [ 66.040636887679838, 38.219290564780707 ], [ 66.040009953443075, 38.21974436716232 ], [ 66.039464316739469, 38.219824540974741 ], [ 66.038207124499365, 38.219834562695098 ], [ 66.036660315411623, 38.219482390145231 ], [ 66.034999779608953, 38.219325641053267 ], [ 66.034674589476097, 38.219515701930348 ], [ 66.034491782315769, 38.219782407388927 ], [ 66.034527714927137, 38.220200777993639 ], [ 66.035780864748475, 38.222570299573896 ], [ 66.036218344291854, 38.222873620993887 ], [ 66.037454426122807, 38.223384917267609 ], [ 66.037644329973872, 38.223922039130727 ], [ 66.037567703680125, 38.224181036168076 ], [ 66.037337914630427, 38.224300442666042 ], [ 66.036505715351254, 38.224268967922605 ], [ 66.036099317516687, 38.224175178752091 ], [ 66.034724625637423, 38.223493386422213 ], [ 66.034144403795381, 38.223447373501976 ], [ 66.033147722987664, 38.22388138992072 ], [ 66.03157962382771, 38.225678613762916 ], [ 66.03051646768894, 38.226444856847905 ], [ 66.030171155293758, 38.226477883168926 ], [ 66.029858990732521, 38.22634471925722 ], [ 66.029012148914177, 38.225697103053811 ], [ 66.028539724906267, 38.225601622047073 ], [ 66.028061372017476, 38.225652150075085 ], [ 66.027653896204569, 38.225913187471022 ], [ 66.027559303605173, 38.226286499664404 ], [ 66.028233309562822, 38.228578763897445 ], [ 66.028249569069487, 38.228829699744225 ], [ 66.028048346445829, 38.229221203099087 ], [ 66.027095862750087, 38.229217886478885 ], [ 66.025734016779367, 38.228870275622398 ], [ 66.02423904048355, 38.227893061050658 ], [ 66.023010145174865, 38.226880831305408 ], [ 66.021569876279827, 38.225863153611819 ], [ 66.020812686326835, 38.22561432462723 ], [ 66.020260132595567, 38.225537685693105 ], [ 66.019860202631079, 38.22561100784263 ], [ 66.019399816047965, 38.22587063399348 ], [ 66.018850675914791, 38.226357633415169 ], [ 66.018015871521257, 38.227359214645077 ], [ 66.017627619655485, 38.22792545160533 ], [ 66.017671110691609, 38.227956241672217 ], [ 66.017627596299249, 38.227925469952922 ], [ 66.016217550323645, 38.229922697321733 ], [ 66.015560939343132, 38.230448701350021 ], [ 66.014568339581757, 38.230778285924508 ], [ 66.013904048903868, 38.230844866675049 ], [ 66.012869664905338, 38.230902017797206 ], [ 66.010861449646654, 38.230829973970543 ], [ 66.010215047121051, 38.231105725254253 ], [ 66.009921642077899, 38.231807944338343 ], [ 66.009168566408903, 38.232748920222207 ], [ 66.008625318325684, 38.233089914229815 ], [ 66.007748661423051, 38.233171915722572 ], [ 66.005609929038414, 38.233054702762814 ], [ 66.003988039657571, 38.232595808312816 ], [ 66.002983604592288, 38.231923065680725 ], [ 66.002166806030317, 38.231192489969374 ], [ 65.999924265229765, 38.230383696664681 ], [ 65.99918424028526, 38.229218266126061 ], [ 65.998616267870446, 38.228919689249118 ], [ 65.998219756893931, 38.228929828268541 ], [ 65.997753365073123, 38.229171359221972 ], [ 65.997152228654699, 38.229353711123807 ], [ 65.996517805163379, 38.229369923013671 ], [ 65.996008704739026, 38.229215943080561 ], [ 65.995517478093902, 38.228852768721516 ], [ 65.994377384844327, 38.228798390675522 ], [ 65.993887967406181, 38.229123987960179 ], [ 65.993588722415367, 38.229569970267228 ], [ 65.993495898598738, 38.230532519344273 ], [ 65.993246092389583, 38.230893744784979 ], [ 65.992644073825531, 38.231055224300867 ], [ 65.99200963236791, 38.231071411819471 ], [ 65.990294715252844, 38.230551569805115 ], [ 65.989218523660995, 38.230119789888285 ], [ 65.988589173854422, 38.229613992881767 ], [ 65.987460076882243, 38.227889387297502 ], [ 65.986735240652536, 38.226989415213929 ], [ 65.98581431207775, 38.226470153740877 ], [ 65.984957351636069, 38.226220612671447 ], [ 65.984403101885547, 38.226255591745755 ], [ 65.984148997237753, 38.226512541736199 ], [ 65.984217212605458, 38.226886529018415 ], [ 65.984772327433632, 38.227519479769953 ], [ 65.9847356626953, 38.227917011714943 ], [ 65.984194190581391, 38.228264766850501 ], [ 65.983431007068802, 38.228367677912061 ], [ 65.982955190124088, 38.228379783010723 ], [ 65.982469996564404, 38.22816251403723 ], [ 65.981263444153456, 38.22712864330088 ], [ 65.980518184725767, 38.227022343903172 ], [ 65.97970639786476, 38.227230834056051 ], [ 65.978904818560309, 38.227689542185537 ], [ 65.97813732403273, 38.228335240979924 ], [ 65.97763416326903, 38.228974225273667 ], [ 65.976863175193301, 38.230183590257269 ], [ 65.9763010984217, 38.231325028273595 ], [ 65.97623958538432, 38.23241201234714 ], [ 65.976075799151829, 38.232938008250613 ], [ 65.974700188295998, 38.233599117088517 ], [ 65.973957418998268, 38.233555334680723 ], [ 65.973527637118551, 38.233399245327604 ], [ 65.973064623861575, 38.233077008323448 ], [ 65.971991141588603, 38.232060539990883 ], [ 65.971387359631649, 38.232180208046323 ], [ 65.971111000121027, 38.232542061077481 ], [ 65.970863506175405, 38.233612883054512 ], [ 65.970430214577874, 38.234020455793697 ], [ 65.969703570039513, 38.234372836681416 ], [ 65.969295857071401, 38.234758886172884 ], [ 65.969421975147398, 38.235256657830348 ], [ 65.969958235236035, 38.236078018668181 ], [ 65.970680421435674, 38.236915543039999 ], [ 65.9706538699308, 38.237563295724826 ], [ 65.97018805842167, 38.238472657983081 ], [ 65.969578156242704, 38.239093437751578 ], [ 65.968932470572682, 38.239485511689487 ], [ 65.967799847712996, 38.239618549940289 ], [ 65.967005837613158, 38.239617770293201 ], [ 65.965013604281651, 38.239438549317889 ], [ 65.964016558757947, 38.23965161825744 ], [ 65.963339312577034, 38.239919217211884 ], [ 65.962621889245042, 38.240500932204334 ], [ 65.961667348407275, 38.241109504895057 ], [ 65.960925998447735, 38.241754434030589 ], [ 65.95993229016527, 38.242050878282924 ], [ 65.959424012597722, 38.24191758978273 ], [ 65.959017477320955, 38.241030287278619 ], [ 65.958829236251475, 38.24030445973429 ], [ 65.958387602898242, 38.239856382829771 ], [ 65.9571322854421, 38.239574941903008 ], [ 65.95659650685046, 38.2400685453132 ], [ 65.956228893778302, 38.240140433936958 ], [ 65.95549729233619, 38.239720529116418 ], [ 65.955239660004295, 38.239894009663956 ], [ 65.955027895650787, 38.240546429865262 ], [ 65.955627416000041, 38.242931786099504 ], [ 65.956022087226856, 38.243527171229594 ], [ 65.956038147307538, 38.243923364783548 ], [ 65.955627772631232, 38.244246813776904 ], [ 65.955103182556428, 38.244364403079295 ], [ 65.953052044895159, 38.24404035068401 ], [ 65.952842207427935, 38.244087382751573 ], [ 65.952664720090752, 38.244279716308831 ], [ 65.952871758407525, 38.244817215820511 ], [ 65.952817761574124, 38.245444782712191 ], [ 65.952958991109824, 38.246317917851336 ], [ 65.953395304639955, 38.247287990094911 ], [ 65.953308115056799, 38.247749404228948 ], [ 65.952838069787745, 38.247907356996976 ], [ 65.951879401191249, 38.247764507229846 ], [ 65.951035785223098, 38.247848361703348 ], [ 65.950452084206006, 38.248468386273316 ], [ 65.950183152864454, 38.24901786617523 ], [ 65.948195667129283, 38.250925608138118 ], [ 65.94721526379449, 38.251555587828946 ], [ 65.946356951388282, 38.251932011311567 ], [ 65.944822371964833, 38.251949689016804 ], [ 65.944155385442798, 38.25182032330266 ], [ 65.943395597561988, 38.251359304667588 ], [ 65.942535098656407, 38.251026047675978 ], [ 65.941581448947417, 38.251008230771959 ], [ 65.941134433787298, 38.251082064795163 ], [ 65.940572018350849, 38.251576265186046 ], [ 65.940018844782045, 38.252299841292697 ], [ 65.939968941571394, 38.253031668697034 ], [ 65.940076023448199, 38.253717815226928 ], [ 65.940977399292493, 38.255719952730388 ], [ 65.940971983349627, 38.256241929929438 ], [ 65.940186657263624, 38.257117445150001 ], [ 65.939787450442935, 38.257064834091139 ], [ 65.939322737573434, 38.256700759074477 ], [ 65.938659914742715, 38.256675625769454 ], [ 65.93843115067078, 38.256910969944492 ], [ 65.938197790817853, 38.257689142855533 ], [ 65.937626063445165, 38.257953951917209 ], [ 65.934816473697921, 38.258525279770559 ], [ 65.932886289698089, 38.259241534750693 ], [ 65.931816679164001, 38.25897605533779 ], [ 65.931398566399878, 38.259111751739646 ], [ 65.930995540840925, 38.259622793929395 ], [ 65.930528262382936, 38.260511168745289 ], [ 65.930440079263064, 38.260951719849665 ], [ 65.930886715334111, 38.261525020271527 ], [ 65.931341742568236, 38.262306843287725 ], [ 65.93160409914023, 38.262905618959103 ], [ 65.931603652677538, 38.26355271332352 ], [ 65.930582615847513, 38.264496680799944 ], [ 65.93013001316632, 38.265092454936322 ], [ 65.929813843915568, 38.265789187112063 ], [ 65.929861250708058, 38.266309844994161 ], [ 65.93032514431404, 38.26665310287715 ], [ 65.930917935383491, 38.266909642090717 ], [ 65.931443123736258, 38.267460099732631 ], [ 65.931702982991766, 38.267996317681657 ], [ 65.931681964210753, 38.268790041765385 ], [ 65.931538363122698, 38.269169357871682 ], [ 65.931257475204703, 38.269426865707203 ], [ 65.930537444063447, 38.269298751235205 ], [ 65.928973516679676, 38.269254337949192 ], [ 65.928476825582678, 38.269412859677537 ], [ 65.925758475922208, 38.271609843687585 ], [ 65.925621539435255, 38.272155977100034 ], [ 65.925726853427577, 38.2728004318543 ], [ 65.925508881715459, 38.273306840258243 ], [ 65.925075105027702, 38.273714261661397 ], [ 65.924372616187313, 38.274024020034076 ], [ 65.922869856887843, 38.274186738738038 ], [ 65.922491994038339, 38.2740082962477 ], [ 65.921535225378676, 38.273259817227881 ], [ 65.921102796163837, 38.27304098205181 ], [ 65.920548977604653, 38.273096527319893 ], [ 65.920516969732759, 38.273619166711313 ], [ 65.920639794584901, 38.274701536673426 ], [ 65.920358012843238, 38.274938167307397 ], [ 65.91982895993813, 38.274951345753671 ], [ 65.919559417742178, 38.274832817225153 ], [ 65.919309645668989, 38.274546805783828 ], [ 65.919148139360701, 38.273820248074237 ], [ 65.918808154873417, 38.27326512413137 ], [ 65.918419447561774, 38.272815579720586 ], [ 65.917319053559552, 38.272446366946369 ], [ 65.916663601405745, 38.272608792278248 ], [ 65.916280177086307, 38.272952310245692 ], [ 65.916086923417552, 38.273416337219651 ], [ 65.916076329585394, 38.273813200701191 ], [ 65.916226119167447, 38.27424782268622 ], [ 65.917037494600066, 38.275333942785828 ], [ 65.916887961037858, 38.275567273778513 ], [ 65.915504312056868, 38.276060914117245 ], [ 65.915064620861287, 38.276322333275026 ], [ 65.914758862186318, 38.27662216676913 ], [ 65.914859081832702, 38.277141519241681 ], [ 65.914503751425443, 38.277526079279518 ], [ 65.913873029891406, 38.277646125925038 ], [ 65.91249076072269, 38.277513485202036 ], [ 65.910985393613984, 38.277613495896674 ], [ 65.910549842753525, 38.277979164203508 ], [ 65.910384659640741, 38.27848423401386 ], [ 65.910112825842532, 38.278971077028238 ], [ 65.909823492862571, 38.279020006693933 ], [ 65.909582904266529, 38.27896335670728 ], [ 65.908362483664234, 38.278242187104311 ], [ 65.907829237423371, 38.27815104573137 ], [ 65.907410132919139, 38.278265808782379 ], [ 65.907024137621363, 38.278546740231086 ], [ 65.906602362425787, 38.277930986275145 ], [ 65.906137668420911, 38.277566780299189 ], [ 65.90495456742876, 38.277116007264759 ], [ 65.903890593823093, 38.27699625028518 ], [ 65.903104459253342, 38.27720358516077 ], [ 65.902772190396078, 38.277504044755119 ], [ 65.902320113229308, 38.278120577334754 ], [ 65.901667894112222, 38.278366333227076 ], [ 65.900233544216618, 38.278255711198206 ], [ 65.899724272214073, 38.278101319321273 ], [ 65.899196016114615, 38.278135257256082 ], [ 65.898812478607439, 38.278478722282763 ], [ 65.898212322250927, 38.278702298944715 ], [ 65.897474083157192, 38.278783169345147 ], [ 65.896858992309106, 38.278631379309211 ], [ 65.896292668302863, 38.278374012005486 ], [ 65.895733806601669, 38.278304324011714 ], [ 65.89439540037165, 38.278608735135741 ], [ 65.893863822302265, 38.278559236813855 ], [ 65.893032135062768, 38.278287530677488 ], [ 65.892566674794949, 38.277902414750727 ], [ 65.892443469057071, 38.277467105213233 ], [ 65.892582279429732, 38.276294747702082 ], [ 65.892071376984944, 38.2760986138844 ], [ 65.891491878286729, 38.276175531672955 ], [ 65.890339494287417, 38.276496179900057 ], [ 65.888784497954219, 38.2766806239026 ], [ 65.888295100279009, 38.277026662737654 ], [ 65.88816779193526, 38.277823005232428 ], [ 65.887842070898046, 38.278290252701339 ], [ 65.887340260302253, 38.278323486771043 ], [ 65.886806207374264, 38.278211395769702 ], [ 65.886186182978633, 38.27793442901757 ], [ 65.885772017411838, 38.277506275287394 ], [ 65.884995752632122, 38.27729576788888 ], [ 65.884521226566449, 38.277349192902015 ], [ 65.883985498280438, 38.277863345027562 ], [ 65.883557232756971, 38.278416598923172 ], [ 65.883031438041357, 38.278513026032357 ], [ 65.882184882785609, 38.278533841690653 ], [ 65.88165166079925, 38.278442582212556 ], [ 65.881476432725009, 38.278029411127505 ], [ 65.881825405755009, 38.276810151270404 ], [ 65.881599748955622, 38.276460840661471 ], [ 65.881083926438009, 38.276139539255304 ], [ 65.880048919907011, 38.276081473782426 ], [ 65.879708313785557, 38.276173335655059 ], [ 65.879123851895386, 38.276125069787831 ], [ 65.878250957137212, 38.27547853876699 ], [ 65.877749156422851, 38.275511733221215 ], [ 65.876573553668393, 38.275916313654051 ], [ 65.87605682115742, 38.276242099756864 ], [ 65.875520216115703, 38.276735361750475 ], [ 65.875049798045808, 38.276893015971432 ], [ 65.874679436128915, 38.276902098255675 ], [ 65.873703218943334, 38.276320690143592 ], [ 65.873614806753082, 38.27609324371916 ], [ 65.873289132428297, 38.275892488110934 ], [ 65.872832011221234, 38.275715826242653 ], [ 65.872199579294929, 38.27579394188627 ], [ 65.87153658129273, 38.275768435782837 ], [ 65.871131551592356, 38.275569617204475 ], [ 65.870711732927504, 38.274995429039052 ], [ 65.870335628080966, 38.274858521119114 ], [ 65.869994193712841, 38.274929502267852 ], [ 65.869676579072788, 38.275605241077926 ], [ 65.869084560554455, 38.276037209212376 ], [ 65.868561221832863, 38.276196132207737 ], [ 65.867996467183403, 38.276648300908981 ], [ 65.867370587568786, 38.276893224710975 ], [ 65.866321428080454, 38.277148492951014 ], [ 65.865288872153542, 38.277152858835429 ], [ 65.864654565443217, 38.277857199281954 ], [ 65.864208929197048, 38.277972457135995 ], [ 65.863516997357891, 38.27788499088242 ], [ 65.863047590791027, 38.277395481290611 ], [ 65.862809726785244, 38.276733325125278 ], [ 65.8627133860643, 38.275629360084075 ], [ 65.862546465609768, 38.275424696300419 ], [ 65.86214883443408, 38.275413531330166 ], [ 65.861788304577971, 38.275672818844384 ], [ 65.861670777091049, 38.276051417769935 ], [ 65.8617441676531, 38.276571475297828 ], [ 65.861515085577565, 38.276806680266589 ], [ 65.86127781176495, 38.276833344651742 ], [ 65.860852897855764, 38.276801966696802 ], [ 65.860048612825693, 38.276550230312708 ], [ 65.85787114688263, 38.276394590826001 ], [ 65.857256964231311, 38.276263442855907 ], [ 65.856635424377799, 38.27594460669674 ], [ 65.856111529599062, 38.275414647686212 ], [ 65.855761901697207, 38.275277047328615 ], [ 65.854916181874643, 38.275318519000038 ], [ 65.853845441259949, 38.275699446269591 ], [ 65.852560600672035, 38.276022951287381 ], [ 65.851760429925974, 38.275875424828349 ], [ 65.851418152938095, 38.275925499021206 ], [ 65.850752364768624, 38.276505288326547 ], [ 65.850410084187502, 38.27655535785383 ], [ 65.849857358878026, 38.275963458376012 ], [ 65.849562172475672, 38.274509441602973 ], [ 65.849711921633499, 38.274276223573473 ], [ 65.850102149792946, 38.274099705165632 ], [ 65.851004866821938, 38.274161271562733 ], [ 65.85150343180463, 38.274044767866862 ], [ 65.851778945102282, 38.27364144642511 ], [ 65.851819548953117, 38.273327335116278 ], [ 65.851652641973345, 38.273122675422954 ], [ 65.851035229878562, 38.272908071272489 ], [ 65.850369847747615, 38.272819916245439 ], [ 65.849967312668781, 38.272683593100886 ], [ 65.849490397084452, 38.272674283906305 ], [ 65.849245785832608, 38.272513206441481 ], [ 65.849141132101991, 38.271868681434327 ], [ 65.849237162005863, 38.271615848911459 ], [ 65.849879726928577, 38.271120125351615 ], [ 65.849887452440043, 38.270639843643373 ], [ 65.84963870893786, 38.270374523663776 ], [ 65.848858522113602, 38.270059481376578 ], [ 65.847528566335484, 38.269903969737101 ], [ 65.847357616936904, 38.269594990747848 ], [ 65.847507366094746, 38.269361756935574 ], [ 65.847418612544686, 38.268445458880244 ], [ 65.84711623962005, 38.268160523939066 ], [ 65.845287449364662, 38.267432594722976 ], [ 65.845225555441573, 38.267204502621688 ], [ 65.845350511097593, 38.267013578967003 ], [ 65.845768856525424, 38.266878232341114 ], [ 65.846207863204739, 38.266596182986298 ], [ 65.846354378427591, 38.266279502110415 ], [ 65.846344586791005, 38.266029259764629 ], [ 65.845663843468685, 38.265544783054899 ], [ 65.845549038775374, 38.26531795458969 ], [ 65.845434683239731, 38.264423188381812 ], [ 65.845084699605025, 38.2635966871485 ], [ 65.844845388413333, 38.261535965191641 ], [ 65.84453942222757, 38.260478849135403 ], [ 65.844314034922789, 38.260129412714697 ], [ 65.843767949061544, 38.259704359203454 ], [ 65.843282499482015, 38.258797673523496 ], [ 65.842982192682541, 38.257886462060789 ], [ 65.842778814102218, 38.256743305091469 ], [ 65.842344658325416, 38.255793623250185 ], [ 65.842029888649819, 38.253150277950546 ], [ 65.841656009828597, 38.252386996926475 ], [ 65.841439515845124, 38.25226700164805 ], [ 65.841038777396875, 38.252172331512035 ], [ 65.839473552845831, 38.252084997849408 ], [ 65.839172976551765, 38.251841761053406 ], [ 65.838978850618872, 38.251616865054778 ], [ 65.838908961689768, 38.251180192354774 ], [ 65.83901927480666, 38.250613924834703 ], [ 65.838925311027936, 38.250240455340233 ], [ 65.838706391593192, 38.250057882097082 ], [ 65.838277625708074, 38.249922151150827 ], [ 65.837676652783003, 38.250124548191515 ], [ 65.837349935514155, 38.250570821445507 ], [ 65.836702609520444, 38.250941396884862 ], [ 65.836018991589214, 38.251062240894299 ], [ 65.834114922512981, 38.251108306888142 ], [ 65.832126591463108, 38.251031130459204 ], [ 65.831683452533468, 38.251208763104344 ], [ 65.831357543748396, 38.251675910903451 ], [ 65.831425815709991, 38.252070889008777 ], [ 65.831811462461459, 38.252458175689902 ], [ 65.832261787913382, 38.252468122369855 ], [ 65.832639349827303, 38.252646880201112 ], [ 65.832660460236468, 38.253189147222599 ], [ 65.832199265169592, 38.254264851366933 ], [ 65.830031091399846, 38.255694866348335 ], [ 65.829349988751432, 38.255878271916373 ], [ 65.828635828100545, 38.255895554340299 ], [ 65.828181370398326, 38.25578127864479 ], [ 65.82779248971184, 38.255310559641444 ], [ 65.827672205295286, 38.254937678614148 ], [ 65.827021286040406, 38.254535873534117 ], [ 65.818957289397915, 38.255481480441368 ], [ 65.795784438160297, 38.257998477214876 ], [ 65.772595327416056, 38.260135549380138 ], [ 65.749618129247338, 38.263014505263833 ], [ 65.726352482040852, 38.265311254111232 ], [ 65.699456652939702, 38.268292341752513 ], [ 65.668932977563685, 38.271329092744963 ], [ 65.656431752575301, 38.272698473704892 ], [ 65.653679404376277, 38.272739871388175 ], [ 65.645703532463159, 38.274047377213165 ], [ 65.619938951799341, 38.278487784623493 ], [ 65.605722483607451, 38.280829456675171 ], [ 65.599776265247272, 38.281921675203037 ] ], [ [ 65.850283070491173, 38.276686295146114 ], [ 65.850294943524275, 38.276556423417588 ], [ 65.850280824702963, 38.276711256510566 ], [ 65.850283070491173, 38.276686295146114 ] ], [ [ 66.018130722926969, 38.228281261252206 ], [ 66.01791467899946, 38.228128483600713 ], [ 66.018203596957775, 38.228332793707864 ], [ 66.018130722926969, 38.228281261252206 ] ], [ [ 66.825570230235883, 39.417055047396694 ], [ 66.825570204184714, 39.417055050866644 ], [ 66.825566989114336, 39.417002162667643 ], [ 66.825570230235883, 39.417055047396694 ] ] ] } }
]
}
